left,c0,c1,c2,c3,c4,c5,c6,c7,c8,c9,c10,c11,c12,c13,c14,c15,c16,c17,c18,c19
abm,,,,,,,,,,,,,,,,,,,,
aci,,,,,,,,,,,,,,,,,,,,
acn,,,,,,,,,,,,,,,,,,,,
aco,,,,,,,,,,,,,,,,,,,,
acu,,,,,,,,,,,,,,,,,,,,
acw,,,,,,,,,,,,,,,,,,,,
adt,,,,,,,,,,,,,,,,,,,,
aei,,,,,,,,,,,,,,,,,,,,
aej,,,,,,,,,,,,,,,,,,,,
aem,,,,,,,,,,,,,,,,,,,,
aes,,,,,,,,,,,,,,,,,,,,
afd,,,,,,,,,,,,,,,,,,,,
afl,,,,,,,,,,,,,,,,,,,,
agb,,,,,,,,,,,,,,,,,,,,
agl,,,,,,,,,,,,,,,,,,,,
ahg,,,,,,,,,,,,,,,,,,,,
ahr,,,,,,,,,,,,,,,,,,,,
aik,,,,,,,,,,,,,,,,,,,,
aiv,,,,,,,,,,,,,,,,,,,,
ajf,,,,,,,,,,,,,,,,,,,,
ajk,,,,,,,,,,,,,,,,,,,,
aka,,,,,,,,,,,,,,,,,,,,
akg,,,,,,,,,,,,,,,,,,,,
alc,,,,,,,,,,,,,,,,,,,,
ali,,,,,,,,,,,,,,,,,,,,
alt,,,,,,,,,,,,,,,,,,,,
alx,,,,,,,,,,,,,,,,,,,,
aly,,,,,,,,,,,,,,,,,,,,
ama,,,,,,,,,,,,,,,,,,,,
amb,,,,,,,,,,,,,,,,,,,,
amd,,,,,,,,,,,,,,,,,,,,
amg,,,,,,,,,,,,,,,,,,,,
amh,,,,,,,,,,,,,,,,,,,,
amn,,,,,,,,,,,,,,,,,,,,
amq,,,,,,,,,,,,,,,,,,,,
aop,,,,,,,,,,,,,,,,,,,,
aoq,,,,,,,,,,,,,,,,,,,,
aoy,,,,,,,,,,,,,,,,,,,,
app,,,,,,,,,,,,,,,,,,,,
apx,,,,,,,,,,,,,,,,,,,,
aqd,,,,,,,,,,,,,,,,,,,,
aqt,,,,,,,,,,,,,,,,,,,,
ara,,,,,,,,,,,,,,,,,,,,
arq,,,,,,,,,,,,,,,,,,,,
aru,,,,,,,,,,,,,,,,,,,,
asf,,,,,,,,,,,,,,,,,,,,
ass,,,,,,,,,,,,,,,,,,,,
ate,,,,,,,,,,,,,,,,,,,,
atf,,,,,,,,,,,,,,,,,,,,
atj,,,,,,,,,,,,,,,,,,,,
atv,,,,,,,,,,,,,,,,,,,,
auc,,,,,,,,,,,,,,,,,,,,
aul,,,,,,,,,,,,,,,,,,,,
avp,,,,,,,,,,,,,,,,,,,,
awk,,,,,,,,,,,,,,,,,,,,
awp,,,,,,,,,,,,,,,,,,,,
awu,,,,,,,,,,,,,,,,,,,,
axn,,,,,,,,,,,,,,,,,,,,
axo,,,,,,,,,,,,,,,,,,,,
axp,,,,,,,,,,,,,,,,,,,,
ayc,,,,,,,,,,,,,,,,,,,,
ayg,,,,,,,,,,,,,,,,,,,,
azb,,,,,,,,,,,,,,,,,,,,
azo,,,,,,,,,,,,,,,,,,,,
ban,,,,,,,,,,,,,,,,,,,,
bao,,,,,,,,,,,,,,,,,,,,
bar,,,,,,,,,,,,,,,,,,,,
bas,,,,,,,,,,,,,,,,,,,,
bbn,,,,,,,,,,,,,,,,,,,,
bbt,,,,,,,,,,,,,,,,,,,,
bcf,,,,,,,,,,,,,,,,,,,,
bcg,,,,,,,,,,,,,,,,,,,,
bci,,,,,,,,,,,,,,,,,,,,
bcj,,,,,,,,,,,,,,,,,,,,
bcn,,,,,,,,,,,,,,,,,,,,
bcw,,,,,,,,,,,,,,,,,,,,
bdv,,,,,,,,,,,,,,,,,,,,
bep,,,,,,,,,,,,,,,,,,,,
bew,,,,,,,,,,,,,,,,,,,,
bfc,,,,,,,,,,,,,,,,,,,,
bft,,,,,,,,,,,,,,,,,,,,
bfx,,,,,,,,,,,,,,,,,,,,
bhw,,,,,,,,,,,,,,,,,,,,
bim,,,,,,,,,,,,,,,,,,,,
bis,,,,,,,,,,,,,,,,,,,,
biu,,,,,,,,,,,,,,,,,,,,
bjq,,,,,,,,,,,,,,,,,,,,
bjr,,,,,,,,,,,,,,,,,,,,
bkt,,,,,,,,,,,,,,,,,,,,
blg,,,,,,,,,,,,,,,,,,,,
blu,,,,,,,,,,,,,,,,,,,,
bmj,,,,,,,,,,,,,,,,,,,,
bmw,,,,,,,,,,,,,,,,,,,,
bni,,,,,,,,,,,,,,,,,,,,
bnm,,,,,,,,,,,,,,,,,,,,
bos,,,,,,,,,,,,,,,,,,,,
bpg,,,,,,,,,,,,,,,,,,,,
bph,,,,,,,,,,,,,,,,,,,,
bpv,,,,,,,,,,,,,,,,,,,,
bqc,,,,,,,,,,,,,,,,,,,,
bqp,,,,,,,,,,,,,,,,,,,,
bqq,,,,,,,,,,,,,,,,,,,,
brj,,,,,,,,,,,,,,,,,,,,
brr,,,,,,,,,,,,,,,,,,,,
bug,,,,,,,,,,,,,,,,,,,,
bul,,,,,,,,,,,,,,,,,,,,
buw,,,,,,,,,,,,,,,,,,,,
buy,,,,,,,,,,,,,,,,,,,,
bvh,,,,,,,,,,,,,,,,,,,,
bvi,,,,,,,,,,,,,,,,,,,,
bvs,,,,,,,,,,,,,,,,,,,,
bvw,,,,,,,,,,,,,,,,,,,,
bwb,,,,,,,,,,,,,,,,,,,,
bxc,,,,,,,,,,,,,,,,,,,,
bxi,,,,,,,,,,,,,,,,,,,,
bxj,,,,,,,,,,,,,,,,,,,,
bxk,,,,,,,,,,,,,,,,,,,,
bxp,,,,,,,,,,,,,,,,,,,,
bxt,,,,,,,,,,,,,,,,,,,,
bxw,,,,,,,,,,,,,,,,,,,,
byg,,,,,,,,,,,,,,,,,,,,
byp,,,,,,,,,,,,,,,,,,,,
byq,,,,,,,,,,,,,,,,,,,,
bzi,,,,,,,,,,,,,,,,,,,,
bzl,,,,,,,,,,,,,,,,,,,,
bzy,,,,,,,,,,,,,,,,,,,,
cam,,,,,,,,,,,,,,,,,,,,
cao,,,,,,,,,,,,,,,,,,,,
cau,,,,,,,,,,,,,,,,,,,,
cax,,,,,,,,,,,,,,,,,,,,
cay,,,,,,,,,,,,,,,,,,,,
cbc,,,,,,,,,,,,,,,,,,,,
cbn,,,,,,,,,,,,,,,,,,,,
cbw,,,,,,,,,,,,,,,,,,,,
cby,,,,,,,,,,,,,,,,,,,,
cck,,,,,,,,,,,,,,,,,,,,
ccv,,,,,,,,,,,,,,,,,,,,
ccx,,,,,,,,,,,,,,,,,,,,
cdb,,,,,,,,,,,,,,,,,,,,
cdh,,,,,,,,,,,,,,,,,,,,
cdp,,,,,,,,,,,,,,,,,,,,
cdt,,,,,,,,,,,,,,,,,,,,
cec,,,,,,,,,,,,,,,,,,,,
ced,,,,,,,,,,,,,,,,,,,,
cem,,,,,,,,,,,,,,,,,,,,
cep,,,,,,,,,,,,,,,,,,,,
cfk,,,,,,,,,,,,,,,,,,,,
cfp,,,,,,,,,,,,,,,,,,,,
cgj,,,,,,,,,,,,,,,,,,,,
cgt,,,,,,,,,,,,,,,,,,,,
cgv,,,,,,,,,,,,,,,,,,,,
cgy,,,,,,,,,,,,,,,,,,,,
chw,,,,,,,,,,,,,,,,,,,,
cii,,,,,,,,,,,,,,,,,,,,
cil,,,,,,,,,,,,,,,,,,,,
cin,,,,,,,,,,,,,,,,,,,,
cio,,,,,,,,,,,,,,,,,,,,
cjd,,,,,,,,,,,,,,,,,,,,
cje,,,,,,,,,,,,,,,,,,,,
cji,,,,,,,,,,,,,,,,,,,,
cjj,,,,,,,,,,,,,,,,,,,,
cjm,,,,,,,,,,,,,,,,,,,,
cjr,,,,,,,,,,,,,,,,,,,,
ckg,,,,,,,,,,,,,,,,,,,,
ckk,,,,,,,,,,,,,,,,,,,,
ckq,,,,,,,,,,,,,,,,,,,,
cle,,,,,,,,,,,,,,,,,,,,
cmb,,,,,,,,,,,,,,,,,,,,
cmh,,,,,,,,,,,,,,,,,,,,
cnp,,,,,,,,,,,,,,,,,,,,
coe,,,,,,,,,,,,,,,,,,,,
com,,,,,,,,,,,,,,,,,,,,
cov,,,,,,,,,,,,,,,,,,,,
cpe,,,,,,,,,,,,,,,,,,,,
cph,,,,,,,,,,,,,,,,,,,,
cpq,,,,,,,,,,,,,,,,,,,,
cpy,,,,,,,,,,,,,,,,,,,,
crb,,,,,,,,,,,,,,,,,,,,
cro,,,,,,,,,,,,,,,,,,,,
cta,,,,,,,,,,,,,,,,,,,,
cue,,,,,,,,,,,,,,,,,,,,
cuj,,,,,,,,,,,,,,,,,,,,
cut,,,,,,,,,,,,,,,,,,,,
cuv,,,,,,,,,,,,,,,,,,,,
cvm,,,,,,,,,,,,,,,,,,,,
cvt,,,,,,,,,,,,,,,,,,,,
cvu,,,,,,,,,,,,,,,,,,,,
cwl,,,,,,,,,,,,,,,,,,,,
cwy,,,,,,,,,,,,,,,,,,,,
cxb,,,,,,,,,,,,,,,,,,,,
cxc,,,,,,,,,,,,,,,,,,,,
cxh,,,,,,,,,,,,,,,,,,,,
cxk,,,,,,,,,,,,,,,,,,,,
cxu,,,,,,,,,,,,,,,,,,,,
cyb,,,,,,,,,,,,,,,,,,,,
cyj,,,,,,,,,,,,,,,,,,,,
cyp,,,,,,,,,,,,,,,,,,,,
cze,,,,,,,,,,,,,,,,,,,,
daa,,,,,,,,,,,,,,,,,,,,
dbd,,,,,,,,,,,,,,,,,,,,
dbu,,,,,,,,,,,,,,,,,,,,
dcl,,,,,,,,,,,,,,,,,,,,
dcv,,,,,,,,,,,,,,,,,,,,
ddf,,,,,,,,,,,,,,,,,,,,
ddn,,,,,,,,,,,,,,,,,,,,
der,,,,,,,,,,,,,,,,,,,,
det,,,,,,,,,,,,,,,,,,,,
dfh,,,,,,,,,,,,,,,,,,,,
dfk,,,,,,,,,,,,,,,,,,,,
dfx,,,,,,,,,,,,,,,,,,,,
dgh,,,,,,,,,,,,,,,,,,,,
dgv,,,,,,,,,,,,,,,,,,,,
dhg,,,,,,,,,,,,,,,,,,,,
dhj,,,,,,,,,,,,,,,,,,,,
dhs,,,,,,,,,,,,,,,,,,,,
dht,,,,,,,,,,,,,,,,,,,,
dih,,,,,,,,,,,,,,,,,,,,
dij,,,,,,,,,,,,,,,,,,,,
dik,,,,,,,,,,,,,,,,,,,,
diu,,,,,,,,,,,,,,,,,,,,
diy,,,,,,,,,,,,,,,,,,,,
diz,,,,,,,,,,,,,,,,,,,,
djb,,,,,,,,,,,,,,,,,,,,
djg,,,,,,,,,,,,,,,,,,,,
djh,,,,,,,,,,,,,,,,,,,,
djp,,,,,,,,,,,,,,,,,,,,
djt,,,,,,,,,,,,,,,,,,,,
dju,,,,,,,,,,,,,,,,,,,,
dkd,,,,,,,,,,,,,,,,,,,,
dke,,,,,,,,,,,,,,,,,,,,
dks,,,,,,,,,,,,,,,,,,,,
dkt,,,,,,,,,,,,,,,,,,,,
dku,,,,,,,,,,,,,,,,,,,,
dmi,,,,,,,,,,,,,,,,,,,,
dna,,,,,,,,,,,,,,,,,,,,
dnb,,,,,,,,,,,,,,,,,,,,
dnh,,,,,,,,,,,,,,,,,,,,
dns,,,,,,,,,,,,,,,,,,,,
dny,,,,,,,,,,,,,,,,,,,,
dou,,,,,,,,,,,,,,,,,,,,
dow,,,,,,,,,,,,,,,,,,,,
doz,,,,,,,,,,,,,,,,,,,,
dpf,,,,,,,,,,,,,,,,,,,,
dpl,,,,,,,,,,,,,,,,,,,,
dpq,,,,,,,,,,,,,,,,,,,,
dpr,,,,,,,,,,,,,,,,,,,,
dqe,,,,,,,,,,,,,,,,,,,,
dqf,,,,,,,,,,,,,,,,,,,,
dqg,,,,,,,,,,,,,,,,,,,,
dqp,,,,,,,,,,,,,,,,,,,,
drg,,,,,,,,,,,,,,,,,,,,
dri,,,,,,,,,,,,,,,,,,,,
dry,,,,,,,,,,,,,,,,,,,,
drz,,,,,,,,,,,,,,,,,,,,
dsp,,,,,,,,,,,,,,,,,,,,
dsq,,,,,,,,,,,,,,,,,,,,
dss,,,,,,,,,,,,,,,,,,,,
dto,,,,,,,,,,,,,,,,,,,,
dtp,,,,,,,,,,,,,,,,,,,,
dtu,,,,,,,,,,,,,,,,,,,,
dut,,,,,,,,,,,,,,,,,,,,
dvb,,,,,,,,,,,,,,,,,,,,
dvc,,,,,,,,,,,,,,,,,,,,
dvh,,,,,,,,,,,,,,,,,,,,
dvk,,,,,,,,,,,,,,,,,,,,
dvo,,,,,,,,,,,,,,,,,,,,
dvq,,,,,,,,,,,,,,,,,,,,
dvy,,,,,,,,,,,,,,,,,,,,
dwc,,,,,,,,,,,,,,,,,,,,
dwd,,,,,,,,,,,,,,,,,,,,
dwe,,,,,,,,,,,,,,,,,,,,
dwq,,,,,,,,,,,,,,,,,,,,
dxh,,,,,,,,,,,,,,,,,,,,
dxx,,,,,,,,,,,,,,,,,,,,
dyd,,,,,,,,,,,,,,,,,,,,
dyk,,,,,,,,,,,,,,,,,,,,
dym,,,,,,,,,,,,,,,,,,,,
dyx,,,,,,,,,,,,,,,,,,,,
dyy,,,,,,,,,,,,,,,,,,,,
dzh,,,,,,,,,,,,,,,,,,,,
dzx,,,,,,,,,,,,,,,,,,,,
ead,,,,,,,,,,,,,,,,,,,,
eaf,,,,,,,,,,,,,,,,,,,,
eam,,,,,,,,,,,,,,,,,,,,
ebf,,,,,,,,,,,,,,,,,,,,
ebn,,,,,,,,,,,,,,,,,,,,
eby,,,,,,,,,,,,,,,,,,,,
ecb,,,,,,,,,,,,,,,,,,,,
eci,,,,,,,,,,,,,,,,,,,,
ecj,,,,,,,,,,,,,,,,,,,,
ecm,,,,,,,,,,,,,,,,,,,,
eco,,,,,,,,,,,,,,,,,,,,
eda,,,,,,,,,,,,,,,,,,,,
edf,,,,,,,,,,,,,,,,,,,,
een,,,,,,,,,,,,,,,,,,,,
eeu,,,,,,,,,,,,,,,,,,,,
efd,,,,,,,,,,,,,,,,,,,,
efj,,,,,,,,,,,,,,,,,,,,
efn,,,,,,,,,,,,,,,,,,,,
efw,,,,,,,,,,,,,,,,,,,,
ege,,,,,,,,,,,,,,,,,,,,
ehi,,,,,,,,,,,,,,,,,,,,
eho,,,,,,,,,,,,,,,,,,,,
ehr,,,,,,,,,,,,,,,,,,,,
eia,,,,,,,,,,,,,,,,,,,,
eig,,,,,,,,,,,,,,,,,,,,
eiv,,,,,,,,,,,,,,,,,,,,
eiy,,,,,,,,,,,,,,,,,,,,
ejb,,,,,,,,,,,,,,,,,,,,
ejo,,,,,,,,,,,,,,,,,,,,
eka,,,,,,,,,,,,,,,,,,,,
ekm,,,,,,,,,,,,,,,,,,,,
eko,,,,,,,,,,,,,,,,,,,,
eku,,,,,,,,,,,,,,,,,,,,
ekv,,,,,,,,,,,,,,,,,,,,
ele,,,,,,,,,,,,,,,,,,,,
ely,,,,,,,,,,,,,,,,,,,,
emb,,,,,,,,,,,,,,,,,,,,
emg,,,,,,,,,,,,,,,,,,,,
emi,,,,,,,,,,,,,,,,,,,,
emq,,,,,,,,,,,,,,,,,,,,
ems,,,,,,,,,,,,,,,,,,,,
emt,,,,,,,,,,,,,,,,,,,,
emw,,,,,,,,,,,,,,,,,,,,
enf,,,,,,,,,,,,,,,,,,,,
enl,,,,,,,,,,,,,,,,,,,,
enp,,,,,,,,,,,,,,,,,,,,
enz,,,,,,,,,,,,,,,,,,,,
eog,,,,,,,,,,,,,,,,,,,,
eoi,,,,,,,,,,,,,,,,,,,,
eom,,,,,,,,,,,,,,,,,,,,
eoo,,,,,,,,,,,,,,,,,,,,
eop,,,,,,,,,,,,,,,,,,,,
eoz,,,,,,,,,,,,,,,,,,,,
epc,,,,,,,,,,,,,,,,,,,,
epf,,,,,,,,,,,,,,,,,,,,
epk,,,,,,,,,,,,,,,,,,,,
epm,,,,,,,,,,,,,,,,,,,,
eqb,,,,,,,,,,,,,,,,,,,,
eqj,,,,,,,,,,,,,,,,,,,,
eqk,,,,,,,,,,,,,,,,,,,,
era,,,,,,,,,,,,,,,,,,,,
erc,,,,,,,,,,,,,,,,,,,,
ern,,,,,,,,,,,,,,,,,,,,
ers,,,,,,,,,,,,,,,,,,,,
ert,,,,,,,,,,,,,,,,,,,,
esh,,,,,,,,,,,,,,,,,,,,
esj,,,,,,,,,,,,,,,,,,,,
esu,,,,,,,,,,,,,,,,,,,,
eta,,,,,,,,,,,,,,,,,,,,
etb,,,,,,,,,,,,,,,,,,,,
ete,,,,,,,,,,,,,,,,,,,,
etk,,,,,,,,,,,,,,,,,,,,
etn,,,,,,,,,,,,,,,,,,,,
eur,,,,,,,,,,,,,,,,,,,,
euw,,,,,,,,,,,,,,,,,,,,
eva,,,,,,,,,,,,,,,,,,,,
evm,,,,,,,,,,,,,,,,,,,,
evq,,,,,,,,,,,,,,,,,,,,
evv,,,,,,,,,,,,,,,,,,,,
evw,,,,,,,,,,,,,,,,,,,,
ewy,,,,,,,,,,,,,,,,,,,,
exa,,,,,,,,,,,,,,,,,,,,
exn,,,,,,,,,,,,,,,,,,,,
exp,,,,,,,,,,,,,,,,,,,,
exy,,,,,,,,,,,,,,,,,,,,
eyc,,,,,,,,,,,,,,,,,,,,
eyn,,,,,,,,,,,,,,,,,,,,
eza,,,,,,,,,,,,,,,,,,,,
ezc,,,,,,,,,,,,,,,,,,,,
ezn,,,,,,,,,,,,,,,,,,,,
ezz,,,,,,,,,,,,,,,,,,,,
faa,,,,,,,,,,,,,,,,,,,,
fae,,,,,,,,,,,,,,,,,,,,
fbl,,,,,,,,,,,,,,,,,,,,
fbt,,,,,,,,,,,,,,,,,,,,
fby,,,,,,,,,,,,,,,,,,,,
fcg,,,,,,,,,,,,,,,,,,,,
fch,,,,,,,,,,,,,,,,,,,,
fck,,,,,,,,,,,,,,,,,,,,
fcm,,,,,,,,,,,,,,,,,,,,
fcq,,,,,,,,,,,,,,,,,,,,
fcr,,,,,,,,,,,,,,,,,,,,
fct,,,,,,,,,,,,,,,,,,,,
fcw,,,,,,,,,,,,,,,,,,,,
fdl,,,,,,,,,,,,,,,,,,,,
fdr,,,,,,,,,,,,,,,,,,,,
fds,,,,,,,,,,,,,,,,,,,,
fdv,,,,,,,,,,,,,,,,,,,,
fee,,,,,,,,,,,,,,,,,,,,
fef,,,,,,,,,,,,,,,,,,,,
few,,,,,,,,,,,,,,,,,,,,
ffd,,,,,,,,,,,,,,,,,,,,
ffw,,,,,,,,,,,,,,,,,,,,
ffx,,,,,,,,,,,,,,,,,,,,
fgb,,,,,,,,,,,,,,,,,,,,
fgf,,,,,,,,,,,,,,,,,,,,
fgl,,,,,,,,,,,,,,,,,,,,
fgo,,,,,,,,,,,,,,,,,,,,
fgt,,,,,,,,,,,,,,,,,,,,
fgw,,,,,,,,,,,,,,,,,,,,
fgx,,,,,,,,,,,,,,,,,,,,
fha,,,,,,,,,,,,,,,,,,,,
fhd,,,,,,,,,,,,,,,,,,,,
fhh,,,,,,,,,,,,,,,,,,,,
fhw,,,,,,,,,,,,,,,,,,,,
fhz,,,,,,,,,,,,,,,,,,,,
fig,,,,,,,,,,,,,,,,,,,,
fij,,,,,,,,,,,,,,,,,,,,
fjh,,,,,,,,,,,,,,,,,,,,
fjk,,,,,,,,,,,,,,,,,,,,
fjn,,,,,,,,,,,,,,,,,,,,
fjz,,,,,,,,,,,,,,,,,,,,
fkh,,,,,,,,,,,,,,,,,,,,
fkl,,,,,,,,,,,,,,,,,,,,
flj,,,,,,,,,,,,,,,,,,,,
fmq,,,,,,,,,,,,,,,,,,,,
fmr,,,,,,,,,,,,,,,,,,,,
fne,,,,,,,,,,,,,,,,,,,,
fnj,,,,,,,,,,,,,,,,,,,,
fnw,,,,,,,,,,,,,,,,,,,,
fob,,,,,,,,,,,,,,,,,,,,
foh,,,,,,,,,,,,,,,,,,,,
foi,,,,,,,,,,,,,,,,,,,,
fpa,,,,,,,,,,,,,,,,,,,,
fpi,,,,,,,,,,,,,,,,,,,,
fpo,,,,,,,,,,,,,,,,,,,,
fps,,,,,,,,,,,,,,,,,,,,
fpv,,,,,,,,,,,,,,,,,,,,
fqf,,,,,,,,,,,,,,,,,,,,
fqs,,,,,,,,,,,,,,,,,,,,
frc,,,,,,,,,,,,,,,,,,,,
frg,,,,,,,,,,,,,,,,,,,,
frm,,,,,,,,,,,,,,,,,,,,
fsd,,,,,,,,,,,,,,,,,,,,
fsj,,,,,,,,,,,,,,,,,,,,
fso,,,,,,,,,,,,,,,,,,,,
fsv,,,,,,,,,,,,,,,,,,,,
fsx,,,,,,,,,,,,,,,,,,,,
fsz,,,,,,,,,,,,,,,,,,,,
fta,,,,,,,,,,,,,,,,,,,,
ftk,,,,,,,,,,,,,,,,,,,,
fuf,,,,,,,,,,,,,,,,,,,,
fuz,,,,,,,,,,,,,,,,,,,,
fvl,,,,,,,,,,,,,,,,,,,,
fvo,,,,,,,,,,,,,,,,,,,,
fvr,,,,,,,,,,,,,,,,,,,,
fvu,,,,,,,,,,,,,,,,,,,,
fwc,,,,,,,,,,,,,,,,,,,,
fwl,,,,,,,,,,,,,,,,,,,,
fxa,,,,,,,,,,,,,,,,,,,,
fxp,,,,,,,,,,,,,,,,,,,,
fya,,,,,,,,,,,,,,,,,,,,
fyi,,,,,,,,,,,,,,,,,,,,
fyo,,,,,,,,,,,,,,,,,,,,
fzp,,,,,,,,,,,,,,,,,,,,
gas,,,,,,,,,,,,,,,,,,,,
gay,,,,,,,,,,,,,,,,,,,,
gaz,,,,,,,,,,,,,,,,,,,,
gbm,,,,,,,,,,,,,,,,,,,,
gbq,,,,,,,,,,,,,,,,,,,,
gco,,,,,,,,,,,,,,,,,,,,
gct,,,,,,,,,,,,,,,,,,,,
gdt,,,,,,,,,,,,,,,,,,,,
gdy,,,,,,,,,,,,,,,,,,,,
gei,,,,,,,,,,,,,,,,,,,,
gep,,,,,,,,,,,,,,,,,,,,
geq,,,,,,,,,,,,,,,,,,,,
ggg,,,,,,,,,,,,,,,,,,,,
ggl,,,,,,,,,,,,,,,,,,,,
ghg,,,,,,,,,,,,,,,,,,,,
ghh,,,,,,,,,,,,,,,,,,,,
gho,,,,,,,,,,,,,,,,,,,,
ghq,,,,,,,,,,,,,,,,,,,,
ghw,,,,,,,,,,,,,,,,,,,,
gib,,,,,,,,,,,,,,,,,,,,
gij,,,,,,,,,,,,,,,,,,,,
gio,,,,,,,,,,,,,,,,,,,,
git,,,,,,,,,,,,,,,,,,,,
giv,,,,,,,,,,,,,,,,,,,,
giw,,,,,,,,,,,,,,,,,,,,
giy,,,,,,,,,,,,,,,,,,,,
giz,,,,,,,,,,,,,,,,,,,,
gjf,,,,,,,,,,,,,,,,,,,,
glc,,,,,,,,,,,,,,,,,,,,
glk,,,,,,,,,,,,,,,,,,,,
glq,,,,,,,,,,,,,,,,,,,,
gls,,,,,,,,,,,,,,,,,,,,
gml,,,,,,,,,,,,,,,,,,,,
gmt,,,,,,,,,,,,,,,,,,,,
gnh,,,,,,,,,,,,,,,,,,,,
gno,,,,,,,,,,,,,,,,,,,,
gnu,,,,,,,,,,,,,,,,,,,,
gny,,,,,,,,,,,,,,,,,,,,
god,,,,,,,,,,,,,,,,,,,,
goj,,,,,,,,,,,,,,,,,,,,
gop,,,,,,,,,,,,,,,,,,,,
gpg,,,,,,,,,,,,,,,,,,,,
gpi,,,,,,,,,,,,,,,,,,,,
gpp,,,,,,,,,,,,,,,,,,,,
gpu,,,,,,,,,,,,,,,,,,,,
grm,,,,,,,,,,,,,,,,,,,,
gru,,,,,,,,,,,,,,,,,,,,
grx,,,,,,,,,,,,,,,,,,,,
gsd,,,,,,,,,,,,,,,,,,,,
gtl,,,,,,,,,,,,,,,,,,,,
gtn,,,,,,,,,,,,,,,,,,,,
gtt,,,,,,,,,,,,,,,,,,,,
gty,,,,,,,,,,,,,,,,,,,,
guj,,,,,,,,,,,,,,,,,,,,
gur,,,,,,,,,,,,,,,,,,,,
guu,,,,,,,,,,,,,,,,,,,,
gux,,,,,,,,,,,,,,,,,,,,
gvs,,,,,,,,,,,,,,,,,,,,
gvy,,,,,,,,,,,,,,,,,,,,
gwk,,,,,,,,,,,,,,,,,,,,
gwq,,,,,,,,,,,,,,,,,,,,
gwv,,,,,,,,,,,,,,,,,,,,
gxd,,,,,,,,,,,,,,,,,,,,
gxn,,,,,,,,,,,,,,,,,,,,
gxq,,,,,,,,,,,,,,,,,,,,
gxt,,,,,,,,,,,,,,,,,,,,
gyh,,,,,,,,,,,,,,,,,,,,
gyu,,,,,,,,,,,,,,,,,,,,
gyz,,,,,,,,,,,,,,,,,,,,
gzj,,,,,,,,,,,,,,,,,,,,
gzk,,,,,,,,,,,,,,,,,,,,
gzl,,,,,,,,,,,,,,,,,,,,
gzy,,,,,,,,,,,,,,,,,,,,
haa,,,,,,,,,,,,,,,,,,,,
hab,,,,,,,,,,,,,,,,,,,,
hap,,,,,,,,,,,,,,,,,,,,
has,,,,,,,,,,,,,,,,,,,,
hay,,,,,,,,,,,,,,,,,,,,
haz,,,,,,,,,,,,,,,,,,,,
hbk,,,,,,,,,,,,,,,,,,,,
hbp,,,,,,,,,,,,,,,,,,,,
hcf,,,,,,,,,,,,,,,,,,,,
hcn,,,,,,,,,,,,,,,,,,,,
hdj,,,,,,,,,,,,,,,,,,,,
hem,,,,,,,,,,,,,,,,,,,,
heo,,,,,,,,,,,,,,,,,,,,
het,,,,,,,,,,,,,,,,,,,,
hez,,,,,,,,,,,,,,,,,,,,
hfc,,,,,,,,,,,,,,,,,,,,
hfm,,,,,,,,,,,,,,,,,,,,
hfx,,,,,,,,,,,,,,,,,,,,
hgd,,,,,,,,,,,,,,,,,,,,
hgi,,,,,,,,,,,,,,,,,,,,
hgp,,,,,,,,,,,,,,,,,,,,
hgw,,,,,,,,,,,,,,,,,,,,
hgx,,,,,,,,,,,,,,,,,,,,
hhj,,,,,,,,,,,,,,,,,,,,
hhn,,,,,,,,,,,,,,,,,,,,
hia,,,,,,,,,,,,,,,,,,,,
hih,,,,,,,,,,,,,,,,,,,,
hik,,,,,,,,,,,,,,,,,,,,
hip,,,,,,,,,,,,,,,,,,,,
hir,,,,,,,,,,,,,,,,,,,,
hji,,,,,,,,,,,,,,,,,,,,
hjt,,,,,,,,,,,,,,,,,,,,
hkf,,,,,,,,,,,,,,,,,,,,
hkm,,,,,,,,,,,,,,,,,,,,
hkv,,,,,,,,,,,,,,,,,,,,
hle,,,,,,,,,,,,,,,,,,,,
hlf,,,,,,,,,,,,,,,,,,,,
hmb,,,,,,,,,,,,,,,,,,,,
hna,,,,,,,,,,,,,,,,,,,,
hnf,,,,,,,,,,,,,,,,,,,,
hny,,,,,,,,,,,,,,,,,,,,
hoe,,,,,,,,,,,,,,,,,,,,
hoh,,,,,,,,,,,,,,,,,,,,
hok,,,,,,,,,,,,,,,,,,,,
hpu,,,,,,,,,,,,,,,,,,,,
hpz,,,,,,,,,,,,,,,,,,,,
hqc,,,,,,,,,,,,,,,,,,,,
hql,,,,,,,,,,,,,,,,,,,,
hqm,,,,,,,,,,,,,,,,,,,,
hqp,,,,,,,,,,,,,,,,,,,,
hqv,,,,,,,,,,,,,,,,,,,,
hrf,,,,,,,,,,,,,,,,,,,,
hrv,,,,,,,,,,,,,,,,,,,,
hsb,,,,,,,,,,,,,,,,,,,,
hst,,,,,,,,,,,,,,,,,,,,
htc,,,,,,,,,,,,,,,,,,,,
htf,,,,,,,,,,,,,,,,,,,,
huf,,,,,,,,,,,,,,,,,,,,
hul,,,,,,,,,,,,,,,,,,,,
hvd,,,,,,,,,,,,,,,,,,,,
hwh,,,,,,,,,,,,,,,,,,,,
hwt,,,,,,,,,,,,,,,,,,,,
hwz,,,,,,,,,,,,,,,,,,,,
hxd,,,,,,,,,,,,,,,,,,,,
hxh,,,,,,,,,,,,,,,,,,,,
hyc,,,,,,,,,,,,,,,,,,,,
hyi,,,,,,,,,,,,,,,,,,,,
hzm,,,,,,,,,,,,,,,,,,,,
hzp,,,,,,,,,,,,,,,,,,,,
iac,,,,,,,,,,,,,,,,,,,,
iad,,,,,,,,,,,,,,,,,,,,
iaq,,,,,,,,,,,,,,,,,,,,
iav,,,,,,,,,,,,,,,,,,,,
ibf,,,,,,,,,,,,,,,,,,,,
ibk,,,,,,,,,,,,,,,,,,,,
ibp,,,,,,,,,,,,,,,,,,,,
icd,,,,,,,,,,,,,,,,,,,,
icg,,,,,,,,,,,,,,,,,,,,
ics,,,,,,,,,,,,,,,,,,,,
icy,,,,,,,,,,,,,,,,,,,,
idg,,,,,,,,,,,,,,,,,,,,
ids,,,,,,,,,,,,,,,,,,,,
idx,,,,,,,,,,,,,,,,,,,,
ieg,,,,,,,,,,,,,,,,,,,,
iep,,,,,,,,,,,,,,,,,,,,
iez,,,,,,,,,,,,,,,,,,,,
ifb,,,,,,,,,,,,,,,,,,,,
ifj,,,,,,,,,,,,,,,,,,,,
ifr,,,,,,,,,,,,,,,,,,,,
ifs,,,,,,,,,,,,,,,,,,,,
ifu,,,,,,,,,,,,,,,,,,,,
igk,,,,,,,,,,,,,,,,,,,,
igw,,,,,,,,,,,,,,,,,,,,
ihf,,,,,,,,,,,,,,,,,,,,
iho,,,,,,,,,,,,,,,,,,,,
ihp,,,,,,,,,,,,,,,,,,,,
ihs,,,,,,,,,,,,,,,,,,,,
ihw,,,,,,,,,,,,,,,,,,,,
ihx,,,,,,,,,,,,,,,,,,,,
iia,,,,,,,,,,,,,,,,,,,,
iic,,,,,,,,,,,,,,,,,,,,
iid,,,,,,,,,,,,,,,,,,,,
iig,,,,,,,,,,,,,,,,,,,,
iij,,,,,,,,,,,,,,,,,,,,
iit,,,,,,,,,,,,,,,,,,,,
iiw,,,,,,,,,,,,,,,,,,,,
ijy,,,,,,,,,,,,,,,,,,,,
iks,,,,,,,,,,,,,,,,,,,,
ilf,,,,,,,,,,,,,,,,,,,,
ili,,,,,,,,,,,,,,,,,,,,
ilw,,,,,,,,,,,,,,,,,,,,
ime,,,,,,,,,,,,,,,,,,,,
imr,,,,,,,,,,,,,,,,,,,,
imw,,,,,,,,,,,,,,,,,,,,
ine,,,,,,,,,,,,,,,,,,,,
ing,,,,,,,,,,,,,,,,,,,,
inm,,,,,,,,,,,,,,,,,,,,
iom,,,,,,,,,,,,,,,,,,,,
ios,,,,,,,,,,,,,,,,,,,,
ipk,,,,,,,,,,,,,,,,,,,,
ips,,,,,,,,,,,,,,,,,,,,
ipw,,,,,,,,,,,,,,,,,,,,
iqa,,,,,,,,,,,,,,,,,,,,
iqf,,,,,,,,,,,,,,,,,,,,
iqr,,,,,,,,,,,,,,,,,,,,
iru,,,,,,,,,,,,,,,,,,,,
isa,,,,,,,,,,,,,,,,,,,,
iss,,,,,,,,,,,,,,,,,,,,
isu,,,,,,,,,,,,,,,,,,,,
ite,,,,,,,,,,,,,,,,,,,,
itg,,,,,,,,,,,,,,,,,,,,
itq,,,,,,,,,,,,,,,,,,,,
itw,,,,,,,,,,,,,,,,,,,,
iup,,,,,,,,,,,,,,,,,,,,
ivj,,,,,,,,,,,,,,,,,,,,
ivo,,,,,,,,,,,,,,,,,,,,
ivq,,,,,,,,,,,,,,,,,,,,
iwh,,,,,,,,,,,,,,,,,,,,
iwz,,,,,,,,,,,,,,,,,,,,
ixd,,,,,,,,,,,,,,,,,,,,
ixl,,,,,,,,,,,,,,,,,,,,
ixs,,,,,,,,,,,,,,,,,,,,
ixt,,,,,,,,,,,,,,,,,,,,
iya,,,,,,,,,,,,,,,,,,,,
iyg,,,,,,,,,,,,,,,,,,,,
iyk,,,,,,,,,,,,,,,,,,,,
iyn,,,,,,,,,,,,,,,,,,,,
iyq,,,,,,,,,,,,,,,,,,,,
jaf,,,,,,,,,,,,,,,,,,,,
jaj,,,,,,,,,,,,,,,,,,,,
jaq,,,,,,,,,,,,,,,,,,,,
jar,,,,,,,,,,,,,,,,,,,,
jau,,,,,,,,,,,,,,,,,,,,
jaw,,,,,,,,,,,,,,,,,,,,
jax,,,,,,,,,,,,,,,,,,,,
jbw,,,,,,,,,,,,,,,,,,,,
jcv,,,,,,,,,,,,,,,,,,,,
jdf,,,,,,,,,,,,,,,,,,,,
jdi,,,,,,,,,,,,,,,,,,,,
jdj,,,,,,,,,,,,,,,,,,,,
jdk,,,,,,,,,,,,,,,,,,,,
jdt,,,,,,,,,,,,,,,,,,,,
jdz,,,,,,,,,,,,,,,,,,,,
jef,,,,,,,,,,,,,,,,,,,,
jeh,,,,,,,,,,,,,,,,,,,,
jej,,,,,,,,,,,,,,,,,,,,
jep,,,,,,,,,,,,,,,,,,,,
jes,,,,,,,,,,,,,,,,,,,,
jfd,,,,,,,,,,,,,,,,,,,,
jfr,,,,,,,,,,,,,,,,,,,,
jfz,,,,,,,,,,,,,,,,,,,,
jgh,,,,,,,,,,,,,,,,,,,,
jgx,,,,,,,,,,,,,,,,,,,,
jhb,,,,,,,,,,,,,,,,,,,,
jhd,,,,,,,,,,,,,,,,,,,,
jhp,,,,,,,,,,,,,,,,,,,,
jis,,,,,,,,,,,,,,,,,,,,
jjz,,,,,,,,,,,,,,,,,,,,
jkk,,,,,,,,,,,,,,,,,,,,
jlb,,,,,,,,,,,,,,,,,,,,
jlf,,,,,,,,,,,,,,,,,,,,
jlm,,,,,,,,,,,,,,,,,,,,
jmb,,,,,,,,,,,,,,,,,,,,
jmn,,,,,,,,,,,,,,,,,,,,
jmo,,,,,,,,,,,,,,,,,,,,
jmv,,,,,,,,,,,,,,,,,,,,
jnn,,,,,,,,,,,,,,,,,,,,
jof,,,,,,,,,,,,,,,,,,,,
joh,,,,,,,,,,,,,,,,,,,,
jpa,,,,,,,,,,,,,,,,,,,,
jpo,,,,,,,,,,,,,,,,,,,,
jpr,,,,,,,,,,,,,,,,,,,,
jpu,,,,,,,,,,,,,,,,,,,,
jqm,,,,,,,,,,,,,,,,,,,,
jqn,,,,,,,,,,,,,,,,,,,,
jqo,,,,,,,,,,,,,,,,,,,,
jqr,,,,,,,,,,,,,,,,,,,,
jqx,,,,,,,,,,,,,,,,,,,,
jrd,,,,,,,,,,,,,,,,,,,,
jrp,,,,,,,,,,,,,,,,,,,,
jrz,,,,,,,,,,,,,,,,,,,,
jsm,,,,,,,,,,,,,,,,,,,,
jsw,,,,,,,,,,,,,,,,,,,,
jto,,,,,,,,,,,,,,,,,,,,
jtp,,,,,,,,,,,,,,,,,,,,
jtv,,,,,,,,,,,,,,,,,,,,
juo,,,,,,,,,,,,,,,,,,,,
juv,,,,,,,,,,,,,,,,,,,,
jve,,,,,,,,,,,,,,,,,,,,
jvh,,,,,,,,,,,,,,,,,,,,
jvr,,,,,,,,,,,,,,,,,,,,
jvt,,,,,,,,,,,,,,,,,,,,
jwm,,,,,,,,,,,,,,,,,,,,
jwn,,,,,,,,,,,,,,,,,,,,
jxb,,,,,,,,,,,,,,,,,,,,
jxx,,,,,,,,,,,,,,,,,,,,
jya,,,,,,,,,,,,,,,,,,,,
jyp,,,,,,,,,,,,,,,,,,,,
jyv,,,,,,,,,,,,,,,,,,,,
jzk,,,,,,,,,,,,,,,,,,,,
jzz,,,,,,,,,,,,,,,,,,,,
kak,,,,,,,,,,,,,,,,,,,,
kau,,,,,,,,,,,,,,,,,,,,
kbi,,,,,,,,,,,,,,,,,,,,
kbk,,,,,,,,,,,,,,,,,,,,
kbl,,,,,,,,,,,,,,,,,,,,
kbm,,,,,,,,,,,,,,,,,,,,
kbx,,,,,,,,,,,,,,,,,,,,
kcb,,,,,,,,,,,,,,,,,,,,
kck,,,,,,,,,,,,,,,,,,,,
kcq,,,,,,,,,,,,,,,,,,,,
kct,,,,,,,,,,,,,,,,,,,,
kcw,,,,,,,,,,,,,,,,,,,,
kdf,,,,,,,,,,,,,,,,,,,,
kdl,,,,,,,,,,,,,,,,,,,,
kdo,,,,,,,,,,,,,,,,,,,,
kdp,,,,,,,,,,,,,,,,,,,,
kex,,,,,,,,,,,,,,,,,,,,
kfa,,,,,,,,,,,,,,,,,,,,
kfq,,,,,,,,,,,,,,,,,,,,
kfr,,,,,,,,,,,,,,,,,,,,
kfu,,,,,,,,,,,,,,,,,,,,
kgh,,,,,,,,,,,,,,,,,,,,
kgs,,,,,,,,,,,,,,,,,,,,
kig,,,,,,,,,,,,,,,,,,,,
kip,,,,,,,,,,,,,,,,,,,,
kiq,,,,,,,,,,,,,,,,,,,,
kiv,,,,,,,,,,,,,,,,,,,,
kjb,,,,,,,,,,,,,,,,,,,,
kjf,,,,,,,,,,,,,,,,,,,,
kju,,,,,,,,,,,,,,,,,,,,
kkc,,,,,,,,,,,,,,,,,,,,
kkn,,,,,,,,,,,,,,,,,,,,
kky,,,,,,,,,,,,,,,,,,,,
klb,,,,,,,,,,,,,,,,,,,,
klc,,,,,,,,,,,,,,,,,,,,
klz,,,,,,,,,,,,,,,,,,,,
kmb,,,,,,,,,,,,,,,,,,,,
kmn,,,,,,,,,,,,,,,,,,,,
kmq,,,,,,,,,,,,,,,,,,,,
kms,,,,,,,,,,,,,,,,,,,,
kng,,,,,,,,,,,,,,,,,,,,
kni,,,,,,,,,,,,,,,,,,,,
knk,,,,,,,,,,,,,,,,,,,,
koa,,,,,,,,,,,,,,,,,,,,
kom,,,,,,,,,,,,,,,,,,,,
kos,,,,,,,,,,,,,,,,,,,,
kph,,,,,,,,,,,,,,,,,,,,
kpm,,,,,,,,,,,,,,,,,,,,
kpu,,,,,,,,,,,,,,,,,,,,
kqa,,,,,,,,,,,,,,,,,,,,
kqk,,,,,,,,,,,,,,,,,,,,
kqq,,,,,,,,,,,,,,,,,,,,
krk,,,,,,,,,,,,,,,,,,,,
krn,,,,,,,,,,,,,,,,,,,,
krt,,,,,,,,,,,,,,,,,,,,
krw,,,,,,,,,,,,,,,,,,,,
kse,,,,,,,,,,,,,,,,,,,,
ksp,,,,,,,,,,,,,,,,,,,,
ksr,,,,,,,,,,,,,,,,,,,,
ktm,,,,,,,,,,,,,,,,,,,,
ktv,,,,,,,,,,,,,,,,,,,,
kud,,,,,,,,,,,,,,,,,,,,
kum,,,,,,,,,,,,,,,,,,,,
kur,,,,,,,,,,,,,,,,,,,,
kuv,,,,,,,,,,,,,,,,,,,,
kux,,,,,,,,,,,,,,,,,,,,
kuz,,,,,,,,,,,,,,,,,,,,
kvf,,,,,,,,,,,,,,,,,,,,
kvl,,,,,,,,,,,,,,,,,,,,
kwd,,,,,,,,,,,,,,,,,,,,
kwp,,,,,,,,,,,,,,,,,,,,
kwt,,,,,,,,,,,,,,,,,,,,
kwu,,,,,,,,,,,,,,,,,,,,
kxb,,,,,,,,,,,,,,,,,,,,
kyj,,,,,,,,,,,,,,,,,,,,
kyy,,,,,,,,,,,,,,,,,,,,
kza,,,,,,,,,,,,,,,,,,,,
kze,,,,,,,,,,,,,,,,,,,,
kzf,,,,,,,,,,,,,,,,,,,,
kzm,,,,,,,,,,,,,,,,,,,,
kzw,,,,,,,,,,,,,,,,,,,,
laa,,,,,,,,,,,,,,,,,,,,
lan,,,,,,,,,,,,,,,,,,,,
lat,,,,,,,,,,,,,,,,,,,,
lbn,,,,,,,,,,,,,,,,,,,,
lbv,,,,,,,,,,,,,,,,,,,,
lcc,,,,,,,,,,,,,,,,,,,,
lcg,,,,,,,,,,,,,,,,,,,,
lcn,,,,,,,,,,,,,,,,,,,,
lcu,,,,,,,,,,,,,,,,,,,,
lcz,,,,,,,,,,,,,,,,,,,,
ldh,,,,,,,,,,,,,,,,,,,,
ldn,,,,,,,,,,,,,,,,,,,,
ldq,,,,,,,,,,,,,,,,,,,,
ldt,,,,,,,,,,,,,,,,,,,,
ldx,,,,,,,,,,,,,,,,,,,,
ler,,,,,,,,,,,,,,,,,,,,
lgw,,,,,,,,,,,,,,,,,,,,
lha,,,,,,,,,,,,,,,,,,,,
lhh,,,,,,,,,,,,,,,,,,,,
lhj,,,,,,,,,,,,,,,,,,,,
lho,,,,,,,,,,,,,,,,,,,,
lhv,,,,,,,,,,,,,,,,,,,,
lia,,,,,,,,,,,,,,,,,,,,
lic,,,,,,,,,,,,,,,,,,,,
lie,,,,,,,,,,,,,,,,,,,,
lji,,,,,,,,,,,,,,,,,,,,
ljw,,,,,,,,,,,,,,,,,,,,
ljy,,,,,,,,,,,,,,,,,,,,
lkh,,,,,,,,,,,,,,,,,,,,
lkn,,,,,,,,,,,,,,,,,,,,
llc,,,,,,,,,,,,,,,,,,,,
lld,,,,,,,,,,,,,,,,,,,,
llf,,,,,,,,,,,,,,,,,,,,
llk,,,,,,,,,,,,,,,,,,,,
llm,,,,,,,,,,,,,,,,,,,,
llw,,,,,,,,,,,,,,,,,,,,
lmk,,,,,,,,,,,,,,,,,,,,
lmm,,,,,,,,,,,,,,,,,,,,
lmo,,,,,,,,,,,,,,,,,,,,
lmp,,,,,,,,,,,,,,,,,,,,
lnb,,,,,,,,,,,,,,,,,,,,
lnv,,,,,,,,,,,,,,,,,,,,
lnx,,,,,,,,,,,,,,,,,,,,
lnz,,,,,,,,,,,,,,,,,,,,
log,,,,,,,,,,,,,,,,,,,,
loj,,,,,,,,,,,,,,,,,,,,
lpb,,,,,,,,,,,,,,,,,,,,
lpe,,,,,,,,,,,,,,,,,,,,
lph,,,,,,,,,,,,,,,,,,,,
lpj,,,,,,,,,,,,,,,,,,,,
lpl,,,,,,,,,,,,,,,,,,,,
lqm,,,,,,,,,,,,,,,,,,,,
lqq,,,,,,,,,,,,,,,,,,,,
lqs,,,,,,,,,,,,,,,,,,,,
lqw,,,,,,,,,,,,,,,,,,,,
lqy,,,,,,,,,,,,,,,,,,,,
lrc,,,,,,,,,,,,,,,,,,,,
lsh,,,,,,,,,,,,,,,,,,,,
lsq,,,,,,,,,,,,,,,,,,,,
lsu,,,,,,,,,,,,,,,,,,,,
lsz,,,,,,,,,,,,,,,,,,,,
ltt,,,,,,,,,,,,,,,,,,,,
lty,,,,,,,,,,,,,,,,,,,,
lub,,,,,,,,,,,,,,,,,,,,
lvj,,,,,,,,,,,,,,,,,,,,
lvo,,,,,,,,,,,,,,,,,,,,
lvy,,,,,,,,,,,,,,,,,,,,
lwh,,,,,,,,,,,,,,,,,,,,
lwi,,,,,,,,,,,,,,,,,,,,
lwk,,,,,,,,,,,,,,,,,,,,
lwn,,,,,,,,,,,,,,,,,,,,
lwu,,,,,,,,,,,,,,,,,,,,
lxf,,,,,,,,,,,,,,,,,,,,
lxp,,,,,,,,,,,,,,,,,,,,
lxz,,,,,,,,,,,,,,,,,,,,
lyg,,,,,,,,,,,,,,,,,,,,
lyr,,,,,,,,,,,,,,,,,,,,
lys,,,,,,,,,,,,,,,,,,,,
lzp,,,,,,,,,,,,,,,,,,,,
lzq,,,,,,,,,,,,,,,,,,,,
lzx,,,,,,,,,,,,,,,,,,,,
mal,,,,,,,,,,,,,,,,,,,,
maw,,,,,,,,,,,,,,,,,,,,
mbd,,,,,,,,,,,,,,,,,,,,
mbi,,,,,,,,,,,,,,,,,,,,
mbn,,,,,,,,,,,,,,,,,,,,
mbv,,,,,,,,,,,,,,,,,,,,
mbw,,,,,,,,,,,,,,,,,,,,
mbz,,,,,,,,,,,,,,,,,,,,
mcb,,,,,,,,,,,,,,,,,,,,
mcs,,,,,,,,,,,,,,,,,,,,
mda,,,,,,,,,,,,,,,,,,,,
mdo,,,,,,,,,,,,,,,,,,,,
mea,,,,,,,,,,,,,,,,,,,,
meh,,,,,,,,,,,,,,,,,,,,
mes,,,,,,,,,,,,,,,,,,,,
mfr,,,,,,,,,,,,,,,,,,,,
mgd,,,,,,,,,,,,,,,,,,,,
mge,,,,,,,,,,,,,,,,,,,,
mgq,,,,,,,,,,,,,,,,,,,,
mgt,,,,,,,,,,,,,,,,,,,,
mhc,,,,,,,,,,,,,,,,,,,,
mic,,,,,,,,,,,,,,,,,,,,
miw,,,,,,,,,,,,,,,,,,,,
miz,,,,,,,,,,,,,,,,,,,,
mjh,,,,,,,,,,,,,,,,,,,,
mkc,,,,,,,,,,,,,,,,,,,,
mke,,,,,,,,,,,,,,,,,,,,
mkj,,,,,,,,,,,,,,,,,,,,
mkk,,,,,,,,,,,,,,,,,,,,
mmc,,,,,,,,,,,,,,,,,,,,
mmv,,,,,,,,,,,,,,,,,,,,
mnf,,,,,,,,,,,,,,,,,,,,
mod,,,,,,,,,,,,,,,,,,,,
moj,,,,,,,,,,,,,,,,,,,,
mol,,,,,,,,,,,,,,,,,,,,
mot,,,,,,,,,,,,,,,,,,,,
mpf,,,,,,,,,,,,,,,,,,,,
mph,,,,,,,,,,,,,,,,,,,,
mpi,,,,,,,,,,,,,,,,,,,,
mpk,,,,,,,,,,,,,,,,,,,,
mps,,,,,,,,,,,,,,,,,,,,
mpt,,,,,,,,,,,,,,,,,,,,
mqb,,,,,,,,,,,,,,,,,,,,
mqg,,,,,,,,,,,,,,,,,,,,
mqx,,,,,,,,,,,,,,,,,,,,
mqy,,,,,,,,,,,,,,,,,,,,
mrk,,,,,,,,,,,,,,,,,,,,
mru,,,,,,,,,,,,,,,,,,,,
msg,,,,,,,,,,,,,,,,,,,,
msj,,,,,,,,,,,,,,,,,,,,
mso,,,,,,,,,,,,,,,,,,,,
mta,,,,,,,,,,,,,,,,,,,,
mtb,,,,,,,,,,,,,,,,,,,,
mtr,,,,,,,,,,,,,,,,,,,,
mts,,,,,,,,,,,,,,,,,,,,
mua,,,,,,,,,,,,,,,,,,,,
muh,,,,,,,,,,,,,,,,,,,,
muj,,,,,,,,,,,,,,,,,,,,
mvd,,,,,,,,,,,,,,,,,,,,
mve,,,,,,,,,,,,,,,,,,,,
mvs,,,,,,,,,,,,,,,,,,,,
mwd,,,,,,,,,,,,,,,,,,,,
mwg,,,,,,,,,,,,,,,,,,,,
mwh,,,,,,,,,,,,,,,,,,,,
mws,,,,,,,,,,,,,,,,,,,,
mxk,,,,,,,,,,,,,,,,,,,,
mxs,,,,,,,,,,,,,,,,,,,,
myg,,,,,,,,,,,,,,,,,,,,
mym,,,,,,,,,,,,,,,,,,,,
myn,,,,,,,,,,,,,,,,,,,,
mzk,,,,,,,,,,,,,,,,,,,,
mzl,,,,,,,,,,,,,,,,,,,,
mzp,,,,,,,,,,,,,,,,,,,,
naj,,,,,,,,,,,,,,,,,,,,
nat,,,,,,,,,,,,,,,,,,,,
nbb,,,,,,,,,,,,,,,,,,,,
nbu,,,,,,,,,,,,,,,,,,,,
nch,,,,,,,,,,,,,,,,,,,,
ndq,,,,,,,,,,,,,,,,,,,,
ndu,,,,,,,,,,,,,,,,,,,,
nej,,,,,,,,,,,,,,,,,,,,
ney,,,,,,,,,,,,,,,,,,,,
nfj,,,,,,,,,,,,,,,,,,,,
nfk,,,,,,,,,,,,,,,,,,,,
nfl,,,,,,,,,,,,,,,,,,,,
nfq,,,,,,,,,,,,,,,,,,,,
nfv,,,,,,,,,,,,,,,,,,,,
nfy,,,,,,,,,,,,,,,,,,,,
ngb,,,,,,,,,,,,,,,,,,,,
ngi,,,,,,,,,,,,,,,,,,,,
ngl,,,,,,,,,,,,,,,,,,,,
ngp,,,,,,,,,,,,,,,,,,,,
ngr,,,,,,,,,,,,,,,,,,,,
nhi,,,,,,,,,,,,,,,,,,,,
nhp,,,,,,,,,,,,,,,,,,,,
nhq,,,,,,,,,,,,,,,,,,,,
nhs,,,,,,,,,,,,,,,,,,,,
nio,,,,,,,,,,,,,,,,,,,,
nip,,,,,,,,,,,,,,,,,,,,
nit,,,,,,,,,,,,,,,,,,,,
niz,,,,,,,,,,,,,,,,,,,,
njn,,,,,,,,,,,,,,,,,,,,
njq,,,,,,,,,,,,,,,,,,,,
nkt,,,,,,,,,,,,,,,,,,,,
nla,,,,,,,,,,,,,,,,,,,,
nlf,,,,,,,,,,,,,,,,,,,,
nli,,,,,,,,,,,,,,,,,,,,
nlp,,,,,,,,,,,,,,,,,,,,
nml,,,,,,,,,,,,,,,,,,,,
nmr,,,,,,,,,,,,,,,,,,,,
nmt,,,,,,,,,,,,,,,,,,,,
nmz,,,,,,,,,,,,,,,,,,,,
nna,,,,,,,,,,,,,,,,,,,,
nnl,,,,,,,,,,,,,,,,,,,,
nny,,,,,,,,,,,,,,,,,,,,
nnz,,,,,,,,,,,,,,,,,,,,
noc,,,,,,,,,,,,,,,,,,,,
noj,,,,,,,,,,,,,,,,,,,,
npf,,,,,,,,,,,,,,,,,,,,
npp,,,,,,,,,,,,,,,,,,,,
npq,,,,,,,,,,,,,,,,,,,,
npz,,,,,,,,,,,,,,,,,,,,
nqf,,,,,,,,,,,,,,,,,,,,
nqg,,,,,,,,,,,,,,,,,,,,
nqx,,,,,,,,,,,,,,,,,,,,
nra,,,,,,,,,,,,,,,,,,,,
nrm,,,,,,,,,,,,,,,,,,,,
nro,,,,,,,,,,,,,,,,,,,,
nsh,,,,,,,,,,,,,,,,,,,,
nsm,,,,,,,,,,,,,,,,,,,,
ntr,,,,,,,,,,,,,,,,,,,,
nud,,,,,,,,,,,,,,,,,,,,
nvi,,,,,,,,,,,,,,,,,,,,
nwb,,,,,,,,,,,,,,,,,,,,
nwi,,,,,,,,,,,,,,,,,,,,
nwj,,,,,,,,,,,,,,,,,,,,
nwk,,,,,,,,,,,,,,,,,,,,
nxb,,,,,,,,,,,,,,,,,,,,
nxh,,,,,,,,,,,,,,,,,,,,
nxo,,,,,,,,,,,,,,,,,,,,
nyd,,,,,,,,,,,,,,,,,,,,
nyr,,,,,,,,,,,,,,,,,,,,
nys,,,,,,,,,,,,,,,,,,,,
nyt,,,,,,,,,,,,,,,,,,,,
nyy,,,,,,,,,,,,,,,,,,,,
nyz,,,,,,,,,,,,,,,,,,,,
nzb,,,,,,,,,,,,,,,,,,,,
nzw,,,,,,,,,,,,,,,,,,,,
oad,,,,,,,,,,,,,,,,,,,,
obc,,,,,,,,,,,,,,,,,,,,
obj,,,,,,,,,,,,,,,,,,,,
obx,,,,,,,,,,,,,,,,,,,,
oby,,,,,,,,,,,,,,,,,,,,
ocj,,,,,,,,,,,,,,,,,,,,
ocs,,,,,,,,,,,,,,,,,,,,
oda,,,,,,,,,,,,,,,,,,,,
odo,,,,,,,,,,,,,,,,,,,,
oei,,,,,,,,,,,,,,,,,,,,
oek,,,,,,,,,,,,,,,,,,,,
oem,,,,,,,,,,,,,,,,,,,,
oer,,,,,,,,,,,,,,,,,,,,
ofc,,,,,,,,,,,,,,,,,,,,
ofw,,,,,,,,,,,,,,,,,,,,
ofx,,,,,,,,,,,,,,,,,,,,
ofy,,,,,,,,,,,,,,,,,,,,
ogd,,,,,,,,,,,,,,,,,,,,
oge,,,,,,,,,,,,,,,,,,,,
ogg,,,,,,,,,,,,,,,,,,,,
ogo,,,,,,,,,,,,,,,,,,,,
ohh,,,,,,,,,,,,,,,,,,,,
oie,,,,,,,,,,,,,,,,,,,,
oin,,,,,,,,,,,,,,,,,,,,
oio,,,,,,,,,,,,,,,,,,,,
oit,,,,,,,,,,,,,,,,,,,,
oix,,,,,,,,,,,,,,,,,,,,
oiy,,,,,,,,,,,,,,,,,,,,
oji,,,,,,,,,,,,,,,,,,,,
okh,,,,,,,,,,,,,,,,,,,,
oks,,,,,,,,,,,,,,,,,,,,
olk,,,,,,,,,,,,,,,,,,,,
oln,,,,,,,,,,,,,,,,,,,,
oms,,,,,,,,,,,,,,,,,,,,
omv,,,,,,,,,,,,,,,,,,,,
onl,,,,,,,,,,,,,,,,,,,,
onm,,,,,,,,,,,,,,,,,,,,
ooc,,,,,,,,,,,,,,,,,,,,
ooj,,,,,,,,,,,,,,,,,,,,
oos,,,,,,,,,,,,,,,,,,,,
oov,,,,,,,,,,,,,,,,,,,,
opq,,,,,,,,,,,,,,,,,,,,
oqh,,,,,,,,,,,,,,,,,,,,
oqw,,,,,,,,,,,,,,,,,,,,
oqy,,,,,,,,,,,,,,,,,,,,
orc,,,,,,,,,,,,,,,,,,,,
orj,,,,,,,,,,,,,,,,,,,,
oro,,,,,,,,,,,,,,,,,,,,
orp,,,,,,,,,,,,,,,,,,,,
osg,,,,,,,,,,,,,,,,,,,,
osx,,,,,,,,,,,,,,,,,,,,
ota,,,,,,,,,,,,,,,,,,,,
ouk,,,,,,,,,,,,,,,,,,,,
oum,,,,,,,,,,,,,,,,,,,,
out,,,,,,,,,,,,,,,,,,,,
ovb,,,,,,,,,,,,,,,,,,,,
ovm,,,,,,,,,,,,,,,,,,,,
ovo,,,,,,,,,,,,,,,,,,,,
ovr,,,,,,,,,,,,,,,,,,,,
ovs,,,,,,,,,,,,,,,,,,,,
ovx,,,,,,,,,,,,,,,,,,,,
owd,,,,,,,,,,,,,,,,,,,,
owu,,,,,,,,,,,,,,,,,,,,
oxd,,,,,,,,,,,,,,,,,,,,
oxj,,,,,,,,,,,,,,,,,,,,
oxm,,,,,,,,,,,,,,,,,,,,
oxo,,,,,,,,,,,,,,,,,,,,
oxt,,,,,,,,,,,,,,,,,,,,
oxu,,,,,,,,,,,,,,,,,,,,
oyl,,,,,,,,,,,,,,,,,,,,
oyr,,,,,,,,,,,,,,,,,,,,
ozj,,,,,,,,,,,,,,,,,,,,
pag,,,,,,,,,,,,,,,,,,,,
pam,,,,,,,,,,,,,,,,,,,,
pan,,,,,,,,,,,,,,,,,,,,
pau,,,,,,,,,,,,,,,,,,,,
pbb,,,,,,,,,,,,,,,,,,,,
pbn,,,,,,,,,,,,,,,,,,,,
pcf,,,,,,,,,,,,,,,,,,,,
pcp,,,,,,,,,,,,,,,,,,,,
pdm,,,,,,,,,,,,,,,,,,,,
pdo,,,,,,,,,,,,,,,,,,,,
peb,,,,,,,,,,,,,,,,,,,,
pee,,,,,,,,,,,,,,,,,,,,
peg,,,,,,,,,,,,,,,,,,,,
peo,,,,,,,,,,,,,,,,,,,,
peq,,,,,,,,,,,,,,,,,,,,
pev,,,,,,,,,,,,,,,,,,,,
pfc,,,,,,,,,,,,,,,,,,,,
pfw,,,,,,,,,,,,,,,,,,,,
pfx,,,,,,,,,,,,,,,,,,,,
pgc,,,,,,,,,,,,,,,,,,,,
pgk,,,,,,,,,,,,,,,,,,,,
pgn,,,,,,,,,,,,,,,,,,,,
pgz,,,,,,,,,,,,,,,,,,,,
phe,,,,,,,,,,,,,,,,,,,,
phj,,,,,,,,,,,,,,,,,,,,
phl,,,,,,,,,,,,,,,,,,,,
pho,,,,,,,,,,,,,,,,,,,,
phs,,,,,,,,,,,,,,,,,,,,
phz,,,,,,,,,,,,,,,,,,,,
pip,,,,,,,,,,,,,,,,,,,,
piq,,,,,,,,,,,,,,,,,,,,
pis,,,,,,,,,,,,,,,,,,,,
pjh,,,,,,,,,,,,,,,,,,,,
pki,,,,,,,,,,,,,,,,,,,,
pkw,,,,,,,,,,,,,,,,,,,,
pla,,,,,,,,,,,,,,,,,,,,
ple,,,,,,,,,,,,,,,,,,,,
plu,,,,,,,,,,,,,,,,,,,,
plx,,,,,,,,,,,,,,,,,,,,
pnj,,,,,,,,,,,,,,,,,,,,
pno,,,,,,,,,,,,,,,,,,,,
pnv,,,,,,,,,,,,,,,,,,,,
poa,,,,,,,,,,,,,,,,,,,,
poo,,,,,,,,,,,,,,,,,,,,
pou,,,,,,,,,,,,,,,,,,,,
pph,,,,,,,,,,,,,,,,,,,,
ppi,,,,,,,,,,,,,,,,,,,,
ppy,,,,,,,,,,,,,,,,,,,,
pqe,,,,,,,,,,,,,,,,,,,,
pql,,,,,,,,,,,,,,,,,,,,
prc,,,,,,,,,,,,,,,,,,,,
prp,,,,,,,,,,,,,,,,,,,,
psp,,,,,,,,,,,,,,,,,,,,
psr,,,,,,,,,,,,,,,,,,,,
psy,,,,,,,,,,,,,,,,,,,,
pta,,,,,,,,,,,,,,,,,,,,
ptj,,,,,,,,,,,,,,,,,,,,
pto,,,,,,,,,,,,,,,,,,,,
ptq,,,,,,,,,,,,,,,,,,,,
ptw,,,,,,,,,,,,,,,,,,,,
puq,,,,,,,,,,,,,,,,,,,,
pvc,,,,,,,,,,,,,,,,,,,,
pvk,,,,,,,,,,,,,,,,,,,,
pvl,,,,,,,,,,,,,,,,,,,,
pvo,,,,,,,,,,,,,,,,,,,,
pvv,,,,,,,,,,,,,,,,,,,,
pvz,,,,,,,,,,,,,,,,,,,,
pwm,,,,,,,,,,,,,,,,,,,,
pyf,,,,,,,,,,,,,,,,,,,,
pyr,,,,,,,,,,,,,,,,,,,,
pyu,,,,,,,,,,,,,,,,,,,,
pyy,,,,,,,,,,,,,,,,,,,,
pzi,,,,,,,,,,,,,,,,,,,,
pzt,,,,,,,,,,,,,,,,,,,,
qab,,,,,,,,,,,,,,,,,,,,
qaf,,,,,,,,,,,,,,,,,,,,
qag,,,,,,,,,,,,,,,,,,,,
qcc,,,,,,,,,,,,,,,,,,,,
qcl,,,,,,,,,,,,,,,,,,,,
qco,,,,,,,,,,,,,,,,,,,,
qcq,,,,,,,,,,,,,,,,,,,,
qda,,,,,,,,,,,,,,,,,,,,
qdg,,,,,,,,,,,,,,,,,,,,
qdl,,,,,,,,,,,,,,,,,,,,
qdo,,,,,,,,,,,,,,,,,,,,
qdp,,,,,,,,,,,,,,,,,,,,
qdt,,,,,,,,,,,,,,,,,,,,
qdu,,,,,,,,,,,,,,,,,,,,
qdw,,,,,,,,,,,,,,,,,,,,
qei,,,,,,,,,,,,,,,,,,,,
qel,,,,,,,,,,,,,,,,,,,,
qer,,,,,,,,,,,,,,,,,,,,
qfn,,,,,,,,,,,,,,,,,,,,
qfp,,,,,,,,,,,,,,,,,,,,
qfw,,,,,,,,,,,,,,,,,,,,
qgw,,,,,,,,,,,,,,,,,,,,
qhb,,,,,,,,,,,,,,,,,,,,
qho,,,,,,,,,,,,,,,,,,,,
qhp,,,,,,,,,,,,,,,,,,,,
qhq,,,,,,,,,,,,,,,,,,,,
qhw,,,,,,,,,,,,,,,,,,,,
qib,,,,,,,,,,,,,,,,,,,,
qig,,,,,,,,,,,,,,,,,,,,
qik,,,,,,,,,,,,,,,,,,,,
qil,,,,,,,,,,,,,,,,,,,,
qin,,,,,,,,,,,,,,,,,,,,
qiq,,,,,,,,,,,,,,,,,,,,
qiu,,,,,,,,,,,,,,,,,,,,
qix,,,,,,,,,,,,,,,,,,,,
qkc,,,,,,,,,,,,,,,,,,,,
qkj,,,,,,,,,,,,,,,,,,,,
qkk,,,,,,,,,,,,,,,,,,,,
qkn,,,,,,,,,,,,,,,,,,,,
qkw,,,,,,,,,,,,,,,,,,,,
qlf,,,,,,,,,,,,,,,,,,,,
qlk,,,,,,,,,,,,,,,,,,,,
qme,,,,,,,,,,,,,,,,,,,,
qmh,,,,,,,,,,,,,,,,,,,,
qmi,,,,,,,,,,,,,,,,,,,,
qmj,,,,,,,,,,,,,,,,,,,,
qmw,,,,,,,,,,,,,,,,,,,,
qnd,,,,,,,,,,,,,,,,,,,,
qno,,,,,,,,,,,,,,,,,,,,
qnt,,,,,,,,,,,,,,,,,,,,
qob,,,,,,,,,,,,,,,,,,,,
qoc,,,,,,,,,,,,,,,,,,,,
qoz,,,,,,,,,,,,,,,,,,,,
qpz,,,,,,,,,,,,,,,,,,,,
qqd,,,,,,,,,,,,,,,,,,,,
qqj,,,,,,,,,,,,,,,,,,,,
qqp,,,,,,,,,,,,,,,,,,,,
qro,,,,,,,,,,,,,,,,,,,,
qrv,,,,,,,,,,,,,,,,,,,,
qsm,,,,,,,,,,,,,,,,,,,,
qss,,,,,,,,,,,,,,,,,,,,
qtf,,,,,,,,,,,,,,,,,,,,
qti,,,,,,,,,,,,,,,,,,,,
qtr,,,,,,,,,,,,,,,,,,,,
qud,,,,,,,,,,,,,,,,,,,,
quq,,,,,,,,,,,,,,,,,,,,
qve,,,,,,,,,,,,,,,,,,,,
qvf,,,,,,,,,,,,,,,,,,,,
qwx,,,,,,,,,,,,,,,,,,,,
qxf,,,,,,,,,,,,,,,,,,,,
qxi,,,,,,,,,,,,,,,,,,,,
qxv,,,,,,,,,,,,,,,,,,,,
qye,,,,,,,,,,,,,,,,,,,,
qyi,,,,,,,,,,,,,,,,,,,,
qzd,,,,,,,,,,,,,,,,,,,,
qzf,,,,,,,,,,,,,,,,,,,,
rau,,,,,,,,,,,,,,,,,,,,
rbg,,,,,,,,,,,,,,,,,,,,
rbq,,,,,,,,,,,,,,,,,,,,
rbz,,,,,,,,,,,,,,,,,,,,
rco,,,,,,,,,,,,,,,,,,,,
rcq,,,,,,,,,,,,,,,,,,,,
rdn,,,,,,,,,,,,,,,,,,,,
reh,,,,,,,,,,,,,,,,,,,,
res,,,,,,,,,,,,,,,,,,,,
rfa,,,,,,,,,,,,,,,,,,,,
rfl,,,,,,,,,,,,,,,,,,,,
rfr,,,,,,,,,,,,,,,,,,,,
rfz,,,,,,,,,,,,,,,,,,,,
rge,,,,,,,,,,,,,,,,,,,,
rgo,,,,,,,,,,,,,,,,,,,,
rhf,,,,,,,,,,,,,,,,,,,,
rht,,,,,,,,,,,,,,,,,,,,
ria,,,,,,,,,,,,,,,,,,,,
rig,,,,,,,,,,,,,,,,,,,,
rim,,,,,,,,,,,,,,,,,,,,
rin,,,,,,,,,,,,,,,,,,,,
rir,,,,,,,,,,,,,,,,,,,,
rit,,,,,,,,,,,,,,,,,,,,
rix,,,,,,,,,,,,,,,,,,,,
rji,,,,,,,,,,,,,,,,,,,,
rkg,,,,,,,,,,,,,,,,,,,,
rkp,,,,,,,,,,,,,,,,,,,,
rkr,,,,,,,,,,,,,,,,,,,,
rku,,,,,,,,,,,,,,,,,,,,
rkw,,,,,,,,,,,,,,,,,,,,
rkx,,,,,,,,,,,,,,,,,,,,
rlo,,,,,,,,,,,,,,,,,,,,
rmb,,,,,,,,,,,,,,,,,,,,
rmd,,,,,,,,,,,,,,,,,,,,
rmf,,,,,,,,,,,,,,,,,,,,
rnh,,,,,,,,,,,,,,,,,,,,
rnj,,,,,,,,,,,,,,,,,,,,
rns,,,,,,,,,,,,,,,,,,,,
rnw,,,,,,,,,,,,,,,,,,,,
roa,,,,,,,,,,,,,,,,,,,,
ron,,,,,,,,,,,,,,,,,,,,
roo,,,,,,,,,,,,,,,,,,,,
rou,,,,,,,,,,,,,,,,,,,,
roz,,,,,,,,,,,,,,,,,,,,
rpa,,,,,,,,,,,,,,,,,,,,
rpi,,,,,,,,,,,,,,,,,,,,
rpp,,,,,,,,,,,,,,,,,,,,
rpr,,,,,,,,,,,,,,,,,,,,
rqm,,,,,,,,,,,,,,,,,,,,
rqr,,,,,,,,,,,,,,,,,,,,
rqs,,,,,,,,,,,,,,,,,,,,
rre,,,,,,,,,,,,,,,,,,,,
rrm,,,,,,,,,,,,,,,,,,,,
rrw,,,,,,,,,,,,,,,,,,,,
rsd,,,,,,,,,,,,,,,,,,,,
rsp,,,,,,,,,,,,,,,,,,,,
rsy,,,,,,,,,,,,,,,,,,,,
rtb,,,,,,,,,,,,,,,,,,,,
rth,,,,,,,,,,,,,,,,,,,,
rti,,,,,,,,,,,,,,,,,,,,
rtl,,,,,,,,,,,,,,,,,,,,
rtm,,,,,,,,,,,,,,,,,,,,
rtn,,,,,,,,,,,,,,,,,,,,
rtv,,,,,,,,,,,,,,,,,,,,
ruh,,,,,,,,,,,,,,,,,,,,
rux,,,,,,,,,,,,,,,,,,,,
rvc,,,,,,,,,,,,,,,,,,,,
rvd,,,,,,,,,,,,,,,,,,,,
rvp,,,,,,,,,,,,,,,,,,,,
rvr,,,,,,,,,,,,,,,,,,,,
rwv,,,,,,,,,,,,,,,,,,,,
rwz,,,,,,,,,,,,,,,,,,,,
ryo,,,,,,,,,,,,,,,,,,,,
ryp,,,,,,,,,,,,,,,,,,,,
rza,,,,,,,,,,,,,,,,,,,,
rze,,,,,,,,,,,,,,,,,,,,
rzg,,,,,,,,,,,,,,,,,,,,
rzt,,,,,,,,,,,,,,,,,,,,
sam,,,,,,,,,,,,,,,,,,,,
sap,,,,,,,,,,,,,,,,,,,,
sar,,,,,,,,,,,,,,,,,,,,
sas,,,,,,,,,,,,,,,,,,,,
sat,,,,,,,,,,,,,,,,,,,,
sba,,,,,,,,,,,,,,,,,,,,
sbn,,,,,,,,,,,,,,,,,,,,
sbs,,,,,,,,,,,,,,,,,,,,
scn,,,,,,,,,,,,,,,,,,,,
sco,,,,,,,,,,,,,,,,,,,,
scp,,,,,,,,,,,,,,,,,,,,
sda,,,,,,,,,,,,,,,,,,,,
sdf,,,,,,,,,,,,,,,,,,,,
sdn,,,,,,,,,,,,,,,,,,,,
sdr,,,,,,,,,,,,,,,,,,,,
sdu,,,,,,,,,,,,,,,,,,,,
sdy,,,,,,,,,,,,,,,,,,,,
sfs,,,,,,,,,,,,,,,,,,,,
sgy,,,,,,,,,,,,,,,,,,,,
shh,,,,,,,,,,,,,,,,,,,,
shn,,,,,,,,,,,,,,,,,,,,
shq,,,,,,,,,,,,,,,,,,,,
sif,,,,,,,,,,,,,,,,,,,,
siw,,,,,,,,,,,,,,,,,,,,
sjb,,,,,,,,,,,,,,,,,,,,
skd,,,,,,,,,,,,,,,,,,,,
ske,,,,,,,,,,,,,,,,,,,,
skh,,,,,,,,,,,,,,,,,,,,
skq,,,,,,,,,,,,,,,,,,,,
skw,,,,,,,,,,,,,,,,,,,,
skx,,,,,,,,,,,,,,,,,,,,
slo,,,,,,,,,,,,,,,,,,,,
sml,,,,,,,,,,,,,,,,,,,,
smn,,,,,,,,,,,,,,,,,,,,
smt,,,,,,,,,,,,,,,,,,,,
snh,,,,,,,,,,,,,,,,,,,,
snj,,,,,,,,,,,,,,,,,,,,
snw,,,,,,,,,,,,,,,,,,,,
snz,,,,,,,,,,,,,,,,,,,,
soq,,,,,,,,,,,,,,,,,,,,
sox,,,,,,,,,,,,,,,,,,,,
spi,,,,,,,,,,,,,,,,,,,,
spk,,,,,,,,,,,,,,,,,,,,
spw,,,,,,,,,,,,,,,,,,,,
sqc,,,,,,,,,,,,,,,,,,,,
sqx,,,,,,,,,,,,,,,,,,,,
sqz,,,,,,,,,,,,,,,,,,,,
srd,,,,,,,,,,,,,,,,,,,,
srk,,,,,,,,,,,,,,,,,,,,
srr,,,,,,,,,,,,,,,,,,,,
srs,,,,,,,,,,,,,,,,,,,,
sse,,,,,,,,,,,,,,,,,,,,
ssg,,,,,,,,,,,,,,,,,,,,
ssk,,,,,,,,,,,,,,,,,,,,
ssw,,,,,,,,,,,,,,,,,,,,
sud,,,,,,,,,,,,,,,,,,,,
sum,,,,,,,,,,,,,,,,,,,,
suq,,,,,,,,,,,,,,,,,,,,
suw,,,,,,,,,,,,,,,,,,,,
svm,,,,,,,,,,,,,,,,,,,,
svp,,,,,,,,,,,,,,,,,,,,
svy,,,,,,,,,,,,,,,,,,,,
swj,,,,,,,,,,,,,,,,,,,,
swn,,,,,,,,,,,,,,,,,,,,
sxf,,,,,,,,,,,,,,,,,,,,
sxh,,,,,,,,,,,,,,,,,,,,
sxi,,,,,,,,,,,,,,,,,,,,
sxm,,,,,,,,,,,,,,,,,,,,
sxn,,,,,,,,,,,,,,,,,,,,
syb,,,,,,,,,,,,,,,,,,,,
syq,,,,,,,,,,,,,,,,,,,,
syy,,,,,,,,,,,,,,,,,,,,
sza,,,,,,,,,,,,,,,,,,,,
szd,,,,,,,,,,,,,,,,,,,,
szf,,,,,,,,,,,,,,,,,,,,
szo,,,,,,,,,,,,,,,,,,,,
szr,,,,,,,,,,,,,,,,,,,,
tag,,,,,,,,,,,,,,,,,,,,
tas,,,,,,,,,,,,,,,,,,,,
tbo,,,,,,,,,,,,,,,,,,,,
tbs,,,,,,,,,,,,,,,,,,,,
tcj,,,,,,,,,,,,,,,,,,,,
tcm,,,,,,,,,,,,,,,,,,,,
tct,,,,,,,,,,,,,,,,,,,,
tcx,,,,,,,,,,,,,,,,,,,,
tdd,,,,,,,,,,,,,,,,,,,,
tdq,,,,,,,,,,,,,,,,,,,,
tdx,,,,,,,,,,,,,,,,,,,,
tek,,,,,,,,,,,,,,,,,,,,
tey,,,,,,,,,,,,,,,,,,,,
tfu,,,,,,,,,,,,,,,,,,,,
tfv,,,,,,,,,,,,,,,,,,,,
tfw,,,,,,,,,,,,,,,,,,,,
tfy,,,,,,,,,,,,,,,,,,,,
tgg,,,,,,,,,,,,,,,,,,,,
tgj,,,,,,,,,,,,,,,,,,,,
tgk,,,,,,,,,,,,,,,,,,,,
tgt,,,,,,,,,,,,,,,,,,,,
tgw,,,,,,,,,,,,,,,,,,,,
the,,,,,,,,,,,,,,,,,,,,
thj,,,,,,,,,,,,,,,,,,,,
tij,,,,,,,,,,,,,,,,,,,,
tin,,,,,,,,,,,,,,,,,,,,
tir,,,,,,,,,,,,,,,,,,,,
tiw,,,,,,,,,,,,,,,,,,,,
tiz,,,,,,,,,,,,,,,,,,,,
tjg,,,,,,,,,,,,,,,,,,,,
tjy,,,,,,,,,,,,,,,,,,,,
tjz,,,,,,,,,,,,,,,,,,,,
tki,,,,,,,,,,,,,,,,,,,,
tkt,,,,,,,,,,,,,,,,,,,,
tky,,,,,,,,,,,,,,,,,,,,
tkz,,,,,,,,,,,,,,,,,,,,
tlb,,,,,,,,,,,,,,,,,,,,
tli,,,,,,,,,,,,,,,,,,,,
tlp,,,,,,,,,,,,,,,,,,,,
tly,,,,,,,,,,,,,,,,,,,,
tmb,,,,,,,,,,,,,,,,,,,,
tme,,,,,,,,,,,,,,,,,,,,
tmk,,,,,,,,,,,,,,,,,,,,
tmz,,,,,,,,,,,,,,,,,,,,
tnj,,,,,,,,,,,,,,,,,,,,
tns,,,,,,,,,,,,,,,,,,,,
toc,,,,,,,,,,,,,,,,,,,,
toq,,,,,,,,,,,,,,,,,,,,
tox,,,,,,,,,,,,,,,,,,,,
tpa,,,,,,,,,,,,,,,,,,,,
tpb,,,,,,,,,,,,,,,,,,,,
tpo,,,,,,,,,,,,,,,,,,,,
tpp,,,,,,,,,,,,,,,,,,,,
tpz,,,,,,,,,,,,,,,,,,,,
tqa,,,,,,,,,,,,,,,,,,,,
tqc,,,,,,,,,,,,,,,,,,,,
tqe,,,,,,,,,,,,,,,,,,,,
tqi,,,,,,,,,,,,,,,,,,,,
tqm,,,,,,,,,,,,,,,,,,,,
tqo,,,,,,,,,,,,,,,,,,,,
tqz,,,,,,,,,,,,,,,,,,,,
tre,,,,,,,,,,,,,,,,,,,,
tru,,,,,,,,,,,,,,,,,,,,
trx,,,,,,,,,,,,,,,,,,,,
tsp,,,,,,,,,,,,,,,,,,,,
tsr,,,,,,,,,,,,,,,,,,,,
tss,,,,,,,,,,,,,,,,,,,,
ttd,,,,,,,,,,,,,,,,,,,,
tti,,,,,,,,,,,,,,,,,,,,
ttl,,,,,,,,,,,,,,,,,,,,
ttq,,,,,,,,,,,,,,,,,,,,
tui,,,,,,,,,,,,,,,,,,,,
tvg,,,,,,,,,,,,,,,,,,,,
tvo,,,,,,,,,,,,,,,,,,,,
tvx,,,,,,,,,,,,,,,,,,,,
tvz,,,,,,,,,,,,,,,,,,,,
twn,,,,,,,,,,,,,,,,,,,,
txg,,,,,,,,,,,,,,,,,,,,
txj,,,,,,,,,,,,,,,,,,,,
txk,,,,,,,,,,,,,,,,,,,,
txl,,,,,,,,,,,,,,,,,,,,
txm,,,,,,,,,,,,,,,,,,,,
txx,,,,,,,,,,,,,,,,,,,,
tyf,,,,,,,,,,,,,,,,,,,,
tyk,,,,,,,,,,,,,,,,,,,,
tzq,,,,,,,,,,,,,,,,,,,,
uaj,,,,,,,,,,,,,,,,,,,,
uak,,,,,,,,,,,,,,,,,,,,
uaz,,,,,,,,,,,,,,,,,,,,
ubl,,,,,,,,,,,,,,,,,,,,
ubm,,,,,,,,,,,,,,,,,,,,
ubq,,,,,,,,,,,,,,,,,,,,
ubr,,,,,,,,,,,,,,,,,,,,
ucc,,,,,,,,,,,,,,,,,,,,
ucf,,,,,,,,,,,,,,,,,,,,
ucx,,,,,,,,,,,,,,,,,,,,
udg,,,,,,,,,,,,,,,,,,,,
udu,,,,,,,,,,,,,,,,,,,,
uec,,,,,,,,,,,,,,,,,,,,
ued,,,,,,,,,,,,,,,,,,,,
uei,,,,,,,,,,,,,,,,,,,,
ueu,,,,,,,,,,,,,,,,,,,,
uff,,,,,,,,,,,,,,,,,,,,
ufg,,,,,,,,,,,,,,,,,,,,
ufu,,,,,,,,,,,,,,,,,,,,
ufx,,,,,,,,,,,,,,,,,,,,
ugg,,,,,,,,,,,,,,,,,,,,
ugm,,,,,,,,,,,,,,,,,,,,
ugt,,,,,,,,,,,,,,,,,,,,
ugw,,,,,,,,,,,,,,,,,,,,
ugz,,,,,,,,,,,,,,,,,,,,
uho,,,,,,,,,,,,,,,,,,,,
uhp,,,,,,,,,,,,,,,,,,,,
uhs,,,,,,,,,,,,,,,,,,,,
uic,,,,,,,,,,,,,,,,,,,,
uif,,,,,,,,,,,,,,,,,,,,
uir,,,,,,,,,,,,,,,,,,,,
ujo,,,,,,,,,,,,,,,,,,,,
ujw,,,,,,,,,,,,,,,,,,,,
ukb,,,,,,,,,,,,,,,,,,,,
ukc,,,,,,,,,,,,,,,,,,,,
uki,,,,,,,,,,,,,,,,,,,,
ukk,,,,,,,,,,,,,,,,,,,,
ukp,,,,,,,,,,,,,,,,,,,,
ukr,,,,,,,,,,,,,,,,,,,,
ukt,,,,,,,,,,,,,,,,,,,,
ule,,,,,,,,,,,,,,,,,,,,
ull,,,,,,,,,,,,,,,,,,,,
ult,,,,,,,,,,,,,,,,,,,,
ulv,,,,,,,,,,,,,,,,,,,,
umc,,,,,,,,,,,,,,,,,,,,
umg,,,,,,,,,,,,,,,,,,,,
umq,,,,,,,,,,,,,,,,,,,,
umw,,,,,,,,,,,,,,,,,,,,
une,,,,,,,,,,,,,,,,,,,,
unk,,,,,,,,,,,,,,,,,,,,
uno,,,,,,,,,,,,,,,,,,,,
uod,,,,,,,,,,,,,,,,,,,,
uos,,,,,,,,,,,,,,,,,,,,
upc,,,,,,,,,,,,,,,,,,,,
upd,,,,,,,,,,,,,,,,,,,,
ups,,,,,,,,,,,,,,,,,,,,
upy,,,,,,,,,,,,,,,,,,,,
uqg,,,,,,,,,,,,,,,,,,,,
uql,,,,,,,,,,,,,,,,,,,,
uqm,,,,,,,,,,,,,,,,,,,,
uqr,,,,,,,,,,,,,,,,,,,,
uqt,,,,,,,,,,,,,,,,,,,,
uqx,,,,,,,,,,,,,,,,,,,,
uqz,,,,,,,,,,,,,,,,,,,,
urm,,,,,,,,,,,,,,,,,,,,
urp,,,,,,,,,,,,,,,,,,,,
usc,,,,,,,,,,,,,,,,,,,,
usd,,,,,,,,,,,,,,,,,,,,
usp,,,,,,,,,,,,,,,,,,,,
utm,,,,,,,,,,,,,,,,,,,,
utn,,,,,,,,,,,,,,,,,,,,
utr,,,,,,,,,,,,,,,,,,,,
utz,,,,,,,,,,,,,,,,,,,,
uuc,,,,,,,,,,,,,,,,,,,,
uug,,,,,,,,,,,,,,,,,,,,
uuq,,,,,,,,,,,,,,,,,,,,
uvb,,,,,,,,,,,,,,,,,,,,
uvf,,,,,,,,,,,,,,,,,,,,
uvp,,,,,,,,,,,,,,,,,,,,
uvt,,,,,,,,,,,,,,,,,,,,
uxp,,,,,,,,,,,,,,,,,,,,
uxt,,,,,,,,,,,,,,,,,,,,
uyy,,,,,,,,,,,,,,,,,,,,
uzc,,,,,,,,,,,,,,,,,,,,
vbp,,,,,,,,,,,,,,,,,,,,
vbt,,,,,,,,,,,,,,,,,,,,
vbu,,,,,,,,,,,,,,,,,,,,
vdc,,,,,,,,,,,,,,,,,,,,
vdg,,,,,,,,,,,,,,,,,,,,
vdh,,,,,,,,,,,,,,,,,,,,
vdm,,,,,,,,,,,,,,,,,,,,
vdp,,,,,,,,,,,,,,,,,,,,
vdu,,,,,,,,,,,,,,,,,,,,
vdv,,,,,,,,,,,,,,,,,,,,
vdx,,,,,,,,,,,,,,,,,,,,
vee,,,,,,,,,,,,,,,,,,,,
veh,,,,,,,,,,,,,,,,,,,,
vem,,,,,,,,,,,,,,,,,,,,
ven,,,,,,,,,,,,,,,,,,,,
ves,,,,,,,,,,,,,,,,,,,,
vex,,,,,,,,,,,,,,,,,,,,
vez,,,,,,,,,,,,,,,,,,,,
vfd,,,,,,,,,,,,,,,,,,,,
vfg,,,,,,,,,,,,,,,,,,,,
vfo,,,,,,,,,,,,,,,,,,,,
vfx,,,,,,,,,,,,,,,,,,,,
vga,,,,,,,,,,,,,,,,,,,,
vge,,,,,,,,,,,,,,,,,,,,
vgl,,,,,,,,,,,,,,,,,,,,
vgp,,,,,,,,,,,,,,,,,,,,
vgu,,,,,,,,,,,,,,,,,,,,
vgv,,,,,,,,,,,,,,,,,,,,
vha,,,,,,,,,,,,,,,,,,,,
vhs,,,,,,,,,,,,,,,,,,,,
via,,,,,,,,,,,,,,,,,,,,
vid,,,,,,,,,,,,,,,,,,,,
viu,,,,,,,,,,,,,,,,,,,,
vix,,,,,,,,,,,,,,,,,,,,
vjh,,,,,,,,,,,,,,,,,,,,
vji,,,,,,,,,,,,,,,,,,,,
vjp,,,,,,,,,,,,,,,,,,,,
vjw,,,,,,,,,,,,,,,,,,,,
vki,,,,,,,,,,,,,,,,,,,,
vkj,,,,,,,,,,,,,,,,,,,,
vld,,,,,,,,,,,,,,,,,,,,
vlh,,,,,,,,,,,,,,,,,,,,
vlj,,,,,,,,,,,,,,,,,,,,
vlo,,,,,,,,,,,,,,,,,,,,
vls,,,,,,,,,,,,,,,,,,,,
vlu,,,,,,,,,,,,,,,,,,,,
vmj,,,,,,,,,,,,,,,,,,,,
vmn,,,,,,,,,,,,,,,,,,,,
vmo,,,,,,,,,,,,,,,,,,,,
vmr,,,,,,,,,,,,,,,,,,,,
vmu,,,,,,,,,,,,,,,,,,,,
vna,,,,,,,,,,,,,,,,,,,,
vnf,,,,,,,,,,,,,,,,,,,,
vnh,,,,,,,,,,,,,,,,,,,,
voc,,,,,,,,,,,,,,,,,,,,
vop,,,,,,,,,,,,,,,,,,,,
voz,,,,,,,,,,,,,,,,,,,,
vqe,,,,,,,,,,,,,,,,,,,,
vqn,,,,,,,,,,,,,,,,,,,,
vqp,,,,,,,,,,,,,,,,,,,,
vqs,,,,,,,,,,,,,,,,,,,,
vrc,,,,,,,,,,,,,,,,,,,,
vrn,,,,,,,,,,,,,,,,,,,,
vro,,,,,,,,,,,,,,,,,,,,
vrq,,,,,,,,,,,,,,,,,,,,
vrt,,,,,,,,,,,,,,,,,,,,
vrv,,,,,,,,,,,,,,,,,,,,
vsa,,,,,,,,,,,,,,,,,,,,
vtc,,,,,,,,,,,,,,,,,,,,
vtd,,,,,,,,,,,,,,,,,,,,
vtf,,,,,,,,,,,,,,,,,,,,
vti,,,,,,,,,,,,,,,,,,,,
vtr,,,,,,,,,,,,,,,,,,,,
vtz,,,,,,,,,,,,,,,,,,,,
vuh,,,,,,,,,,,,,,,,,,,,
vuj,,,,,,,,,,,,,,,,,,,,
vus,,,,,,,,,,,,,,,,,,,,
vut,,,,,,,,,,,,,,,,,,,,
vuy,,,,,,,,,,,,,,,,,,,,
vvm,,,,,,,,,,,,,,,,,,,,
vwf,,,,,,,,,,,,,,,,,,,,
vwg,,,,,,,,,,,,,,,,,,,,
vwm,,,,,,,,,,,,,,,,,,,,
vwp,,,,,,,,,,,,,,,,,,,,
vwy,,,,,,,,,,,,,,,,,,,,
vxh,,,,,,,,,,,,,,,,,,,,
vxk,,,,,,,,,,,,,,,,,,,,
vxl,,,,,,,,,,,,,,,,,,,,
vxn,,,,,,,,,,,,,,,,,,,,
vxo,,,,,,,,,,,,,,,,,,,,
vxr,,,,,,,,,,,,,,,,,,,,
vyd,,,,,,,,,,,,,,,,,,,,
vyr,,,,,,,,,,,,,,,,,,,,
vzh,,,,,,,,,,,,,,,,,,,,
vzp,,,,,,,,,,,,,,,,,,,,
wab,,,,,,,,,,,,,,,,,,,,
wbg,,,,,,,,,,,,,,,,,,,,
wbs,,,,,,,,,,,,,,,,,,,,
wbx,,,,,,,,,,,,,,,,,,,,
wca,,,,,,,,,,,,,,,,,,,,
wdo,,,,,,,,,,,,,,,,,,,,
wdp,,,,,,,,,,,,,,,,,,,,
wdz,,,,,,,,,,,,,,,,,,,,
weh,,,,,,,,,,,,,,,,,,,,
wem,,,,,,,,,,,,,,,,,,,,
wfe,,,,,,,,,,,,,,,,,,,,
wfr,,,,,,,,,,,,,,,,,,,,
wfu,,,,,,,,,,,,,,,,,,,,
wgw,,,,,,,,,,,,,,,,,,,,
whe,,,,,,,,,,,,,,,,,,,,
whf,,,,,,,,,,,,,,,,,,,,
wht,,,,,,,,,,,,,,,,,,,,
why,,,,,,,,,,,,,,,,,,,,
wib,,,,,,,,,,,,,,,,,,,,
wir,,,,,,,,,,,,,,,,,,,,
wiy,,,,,,,,,,,,,,,,,,,,
wjb,,,,,,,,,,,,,,,,,,,,
wjc,,,,,,,,,,,,,,,,,,,,
wjf,,,,,,,,,,,,,,,,,,,,
wjn,,,,,,,,,,,,,,,,,,,,
wkb,,,,,,,,,,,,,,,,,,,,
wkc,,,,,,,,,,,,,,,,,,,,
wkr,,,,,,,,,,,,,,,,,,,,
wle,,,,,,,,,,,,,,,,,,,,
wlm,,,,,,,,,,,,,,,,,,,,
wln,,,,,,,,,,,,,,,,,,,,
wlv,,,,,,,,,,,,,,,,,,,,
wmd,,,,,,,,,,,,,,,,,,,,
wmp,,,,,,,,,,,,,,,,,,,,
wnb,,,,,,,,,,,,,,,,,,,,
wnf,,,,,,,,,,,,,,,,,,,,
wno,,,,,,,,,,,,,,,,,,,,
wnw,,,,,,,,,,,,,,,,,,,,
wnz,,,,,,,,,,,,,,,,,,,,
woc,,,,,,,,,,,,,,,,,,,,
woj,,,,,,,,,,,,,,,,,,,,
won,,,,,,,,,,,,,,,,,,,,
wos,,,,,,,,,,,,,,,,,,,,
wqd,,,,,,,,,,,,,,,,,,,,
wqe,,,,,,,,,,,,,,,,,,,,
wqh,,,,,,,,,,,,,,,,,,,,
wqs,,,,,,,,,,,,,,,,,,,,
wri,,,,,,,,,,,,,,,,,,,,
wrm,,,,,,,,,,,,,,,,,,,,
wrz,,,,,,,,,,,,,,,,,,,,
wse,,,,,,,,,,,,,,,,,,,,
wss,,,,,,,,,,,,,,,,,,,,
wst,,,,,,,,,,,,,,,,,,,,
wtm,,,,,,,,,,,,,,,,,,,,
wtv,,,,,,,,,,,,,,,,,,,,
wue,,,,,,,,,,,,,,,,,,,,
wug,,,,,,,,,,,,,,,,,,,,
wui,,,,,,,,,,,,,,,,,,,,
wuj,,,,,,,,,,,,,,,,,,,,
wul,,,,,,,,,,,,,,,,,,,,
wvh,,,,,,,,,,,,,,,,,,,,
wwi,,,,,,,,,,,,,,,,,,,,
wwk,,,,,,,,,,,,,,,,,,,,
wws,,,,,,,,,,,,,,,,,,,,
wwy,,,,,,,,,,,,,,,,,,,,
wxb,,,,,,,,,,,,,,,,,,,,
wxj,,,,,,,,,,,,,,,,,,,,
wxm,,,,,,,,,,,,,,,,,,,,
wxx,,,,,,,,,,,,,,,,,,,,
wye,,,,,,,,,,,,,,,,,,,,
wyo,,,,,,,,,,,,,,,,,,,,
wys,,,,,,,,,,,,,,,,,,,,
xak,,,,,,,,,,,,,,,,,,,,
xam,,,,,,,,,,,,,,,,,,,,
xbd,,,,,,,,,,,,,,,,,,,,
xbm,,,,,,,,,,,,,,,,,,,,
xbp,,,,,,,,,,,,,,,,,,,,
xbw,,,,,,,,,,,,,,,,,,,,
xcd,,,,,,,,,,,,,,,,,,,,
xce,,,,,,,,,,,,,,,,,,,,
xct,,,,,,,,,,,,,,,,,,,,
xcx,,,,,,,,,,,,,,,,,,,,
xdh,,,,,,,,,,,,,,,,,,,,
xdq,,,,,,,,,,,,,,,,,,,,
xea,,,,,,,,,,,,,,,,,,,,
xeu,,,,,,,,,,,,,,,,,,,,
xfk,,,,,,,,,,,,,,,,,,,,
xfp,,,,,,,,,,,,,,,,,,,,
xfy,,,,,,,,,,,,,,,,,,,,
xga,,,,,,,,,,,,,,,,,,,,
xgc,,,,,,,,,,,,,,,,,,,,
xhd,,,,,,,,,,,,,,,,,,,,
xhr,,,,,,,,,,,,,,,,,,,,
xiz,,,,,,,,,,,,,,,,,,,,
xjb,,,,,,,,,,,,,,,,,,,,
xjg,,,,,,,,,,,,,,,,,,,,
xkb,,,,,,,,,,,,,,,,,,,,
xke,,,,,,,,,,,,,,,,,,,,
xmc,,,,,,,,,,,,,,,,,,,,
xmq,,,,,,,,,,,,,,,,,,,,
xmv,,,,,,,,,,,,,,,,,,,,
xmy,,,,,,,,,,,,,,,,,,,,
xmz,,,,,,,,,,,,,,,,,,,,
xne,,,,,,,,,,,,,,,,,,,,
xnz,,,,,,,,,,,,,,,,,,,,
xps,,,,,,,,,,,,,,,,,,,,
xpt,,,,,,,,,,,,,,,,,,,,
xpw,,,,,,,,,,,,,,,,,,,,
xql,,,,,,,,,,,,,,,,,,,,
xqv,,,,,,,,,,,,,,,,,,,,
xqw,,,,,,,,,,,,,,,,,,,,
xra,,,,,,,,,,,,,,,,,,,,
xrb,,,,,,,,,,,,,,,,,,,,
xrg,,,,,,,,,,,,,,,,,,,,
xrl,,,,,,,,,,,,,,,,,,,,
xsb,,,,,,,,,,,,,,,,,,,,
xse,,,,,,,,,,,,,,,,,,,,
xsn,,,,,,,,,,,,,,,,,,,,
xst,,,,,,,,,,,,,,,,,,,,
xsz,,,,,,,,,,,,,,,,,,,,
xth,,,,,,,,,,,,,,,,,,,,
xul,,,,,,,,,,,,,,,,,,,,
xvd,,,,,,,,,,,,,,,,,,,,
xvq,,,,,,,,,,,,,,,,,,,,
xvs,,,,,,,,,,,,,,,,,,,,
xvv,,,,,,,,,,,,,,,,,,,,
xwi,,,,,,,,,,,,,,,,,,,,
xxg,,,,,,,,,,,,,,,,,,,,
xxm,,,,,,,,,,,,,,,,,,,,
xxr,,,,,,,,,,,,,,,,,,,,
xym,,,,,,,,,,,,,,,,,,,,
xyv,,,,,,,,,,,,,,,,,,,,
xzc,,,,,,,,,,,,,,,,,,,,
xzn,,,,,,,,,,,,,,,,,,,,
yah,,,,,,,,,,,,,,,,,,,,
ybr,,,,,,,,,,,,,,,,,,,,
ycd,,,,,,,,,,,,,,,,,,,,
ycm,,,,,,,,,,,,,,,,,,,,
ydf,,,,,,,,,,,,,,,,,,,,
ydg,,,,,,,,,,,,,,,,,,,,
ydh,,,,,,,,,,,,,,,,,,,,
ydv,,,,,,,,,,,,,,,,,,,,
ydy,,,,,,,,,,,,,,,,,,,,
yeb,,,,,,,,,,,,,,,,,,,,
yep,,,,,,,,,,,,,,,,,,,,
yew,,,,,,,,,,,,,,,,,,,,
yez,,,,,,,,,,,,,,,,,,,,
yge,,,,,,,,,,,,,,,,,,,,
ygj,,,,,,,,,,,,,,,,,,,,
ygx,,,,,,,,,,,,,,,,,,,,
ygz,,,,,,,,,,,,,,,,,,,,
yhg,,,,,,,,,,,,,,,,,,,,
yia,,,,,,,,,,,,,,,,,,,,
yic,,,,,,,,,,,,,,,,,,,,
yii,,,,,,,,,,,,,,,,,,,,
yiq,,,,,,,,,,,,,,,,,,,,
yiy,,,,,,,,,,,,,,,,,,,,
yjd,,,,,,,,,,,,,,,,,,,,
yji,,,,,,,,,,,,,,,,,,,,
yju,,,,,,,,,,,,,,,,,,,,
ykb,,,,,,,,,,,,,,,,,,,,
ykc,,,,,,,,,,,,,,,,,,,,
yko,,,,,,,,,,,,,,,,,,,,
yky,,,,,,,,,,,,,,,,,,,,
ylb,,,,,,,,,,,,,,,,,,,,
ylj,,,,,,,,,,,,,,,,,,,,
ylm,,,,,,,,,,,,,,,,,,,,
yln,,,,,,,,,,,,,,,,,,,,
yme,,,,,,,,,,,,,,,,,,,,
ymj,,,,,,,,,,,,,,,,,,,,
ymz,,,,,,,,,,,,,,,,,,,,
yna,,,,,,,,,,,,,,,,,,,,
ynf,,,,,,,,,,,,,,,,,,,,
yni,,,,,,,,,,,,,,,,,,,,
yoj,,,,,,,,,,,,,,,,,,,,
yoq,,,,,,,,,,,,,,,,,,,,
yos,,,,,,,,,,,,,,,,,,,,
yoz,,,,,,,,,,,,,,,,,,,,
ypf,,,,,,,,,,,,,,,,,,,,
yps,,,,,,,,,,,,,,,,,,,,
yqi,,,,,,,,,,,,,,,,,,,,
yre,,,,,,,,,,,,,,,,,,,,
yrk,,,,,,,,,,,,,,,,,,,,
yrw,,,,,,,,,,,,,,,,,,,,
ysn,,,,,,,,,,,,,,,,,,,,
yte,,,,,,,,,,,,,,,,,,,,
ytf,,,,,,,,,,,,,,,,,,,,
yth,,,,,,,,,,,,,,,,,,,,
ytq,,,,,,,,,,,,,,,,,,,,
ytt,,,,,,,,,,,,,,,,,,,,
yub,,,,,,,,,,,,,,,,,,,,
yuf,,,,,,,,,,,,,,,,,,,,
yut,,,,,,,,,,,,,,,,,,,,
yuv,,,,,,,,,,,,,,,,,,,,
ywa,,,,,,,,,,,,,,,,,,,,
ywb,,,,,,,,,,,,,,,,,,,,
ywj,,,,,,,,,,,,,,,,,,,,
ywm,,,,,,,,,,,,,,,,,,,,
ywr,,,,,,,,,,,,,,,,,,,,
yxd,,,,,,,,,,,,,,,,,,,,
yxm,,,,,,,,,,,,,,,,,,,,
yxx,,,,,,,,,,,,,,,,,,,,
yxy,,,,,,,,,,,,,,,,,,,,
yyi,,,,,,,,,,,,,,,,,,,,
yyj,,,,,,,,,,,,,,,,,,,,
yyk,,,,,,,,,,,,,,,,,,,,
yyq,,,,,,,,,,,,,,,,,,,,
yyx,,,,,,,,,,,,,,,,,,,,
yyz,,,,,,,,,,,,,,,,,,,,
yzd,,,,,,,,,,,,,,,,,,,,
yzf,,,,,,,,,,,,,,,,,,,,
yzx,,,,,,,,,,,,,,,,,,,,
yzy,,,,,,,,,,,,,,,,,,,,
zah,,,,,,,,,,,,,,,,,,,,
zaz,,,,,,,,,,,,,,,,,,,,
zbc,,,,,,,,,,,,,,,,,,,,
zbe,,,,,,,,,,,,,,,,,,,,
zbh,,,,,,,,,,,,,,,,,,,,
zbi,,,,,,,,,,,,,,,,,,,,
zbk,,,,,,,,,,,,,,,,,,,,
zbq,,,,,,,,,,,,,,,,,,,,
zbz,,,,,,,,,,,,,,,,,,,,
zce,,,,,,,,,,,,,,,,,,,,
zcl,,,,,,,,,,,,,,,,,,,,
zcp,,,,,,,,,,,,,,,,,,,,
zct,,,,,,,,,,,,,,,,,,,,
zcu,,,,,,,,,,,,,,,,,,,,
zcv,,,,,,,,,,,,,,,,,,,,
zdb,,,,,,,,,,,,,,,,,,,,
zdj,,,,,,,,,,,,,,,,,,,,
zdl,,,,,,,,,,,,,,,,,,,,
zdm,,,,,,,,,,,,,,,,,,,,
zdn,,,,,,,,,,,,,,,,,,,,
zdz,,,,,,,,,,,,,,,,,,,,
zea,,,,,,,,,,,,,,,,,,,,
zec,,,,,,,,,,,,,,,,,,,,
zej,,,,,,,,,,,,,,,,,,,,
zen,,,,,,,,,,,,,,,,,,,,
zez,,,,,,,,,,,,,,,,,,,,
zfb,,,,,,,,,,,,,,,,,,,,
zfh,,,,,,,,,,,,,,,,,,,,
zfj,,,,,,,,,,,,,,,,,,,,
zfm,,,,,,,,,,,,,,,,,,,,
zgc,,,,,,,,,,,,,,,,,,,,
zgf,,,,,,,,,,,,,,,,,,,,
zgi,,,,,,,,,,,,,,,,,,,,
zgn,,,,,,,,,,,,,,,,,,,,
zgw,,,,,,,,,,,,,,,,,,,,
zhe,,,,,,,,,,,,,,,,,,,,
zhy,,,,,,,,,,,,,,,,,,,,
zii,,,,,,,,,,,,,,,,,,,,
zir,,,,,,,,,,,,,,,,,,,,
zit,,,,,,,,,,,,,,,,,,,,
zjf,,,,,,,,,,,,,,,,,,,,
zkt,,,,,,,,,,,,,,,,,,,,
zku,,,,,,,,,,,,,,,,,,,,
zlj,,,,,,,,,,,,,,,,,,,,
zlv,,,,,,,,,,,,,,,,,,,,
zmx,,,,,,,,,,,,,,,,,,,,
znh,,,,,,,,,,,,,,,,,,,,
znk,,,,,,,,,,,,,,,,,,,,
znm,,,,,,,,,,,,,,,,,,,,
zon,,,,,,,,,,,,,,,,,,,,
zos,,,,,,,,,,,,,,,,,,,,
zot,,,,,,,,,,,,,,,,,,,,
zow,,,,,,,,,,,,,,,,,,,,
zpf,,,,,,,,,,,,,,,,,,,,
zpn,,,,,,,,,,,,,,,,,,,,
zpr,,,,,,,,,,,,,,,,,,,,
zpt,,,,,,,,,,,,,,,,,,,,
zpv,,,,,,,,,,,,,,,,,,,,
zpz,,,,,,,,,,,,,,,,,,,,
zqh,,,,,,,,,,,,,,,,,,,,
zrf,,,,,,,,,,,,,,,,,,,,
zrg,,,,,,,,,,,,,,,,,,,,
zrk,,,,,,,,,,,,,,,,,,,,
zrl,,,,,,,,,,,,,,,,,,,,
zsc,,,,,,,,,,,,,,,,,,,,
zsz,,,,,,,,,,,,,,,,,,,,
ztn,,,,,,,,,,,,,,,,,,,,
ztw,,,,,,,,,,,,,,,,,,,,
zub,,,,,,,,,,,,,,,,,,,,
zuk,,,,,,,,,,,,,,,,,,,,
zup,,,,,,,,,,,,,,,,,,,,
zuv,,,,,,,,,,,,,,,,,,,,
zvg,,,,,,,,,,,,,,,,,,,,
zvm,,,,,,,,,,,,,,,,,,,,
zwd,,,,,,,,,,,,,,,,,,,,
zwi,,,,,,,,,,,,,,,,,,,,
zwx,,,,,,,,,,,,,,,,,,,,
zxf,,,,,,,,,,,,,,,,,,,,
zxm,,,,,,,,,,,,,,,,,,,,
zxu,,,,,,,,,,,,,,,,,,,,
zyc,,,,,,,,,,,,,,,,,,,,
zyi,,,,,,,,,,,,,,,,,,,,
zym,,,,,,,,,,,,,,,,,,,,
zzq,,,,,,,,,,,,,,,,,,,,
zzr,,,,,,,,,,,,,,,,,,,,
